node_type,timestamp,power
cpu,1772409600000,79088.748451
cpu,1772413200000,73955.602145
cpu,1772416800000,71966.131569
cpu,1772420400000,75149.194968
cpu,1772424000000,73529.826411
cpu,1772427600000,75818.190072
cpu,1772431200000,76321.278299
cpu,1772434800000,75540.698951
cpu,1772438400000,78008.571556
cpu,1772442000000,77042.073482
cpu,1772445600000,72897.911727
cpu,1772449200000,72623.486146
cpu,1772452800000,70660.599725
cpu,1772456400000,68659.666989
cpu,1772460000000,74324.432793
cpu,1772463600000,75319.474806
cpu,1772467200000,77298.813402
cpu,1772470800000,76916.656035
cpu,1772474400000,79874.582767
cpu,1772478000000,79162.992015
cpu,1772481600000,78955.530265
cpu,1772485200000,77968.837729
cpu,1772488800000,82658.850317
cpu,1772492400000,81003.930291
cpu,1772496000000,80609.651459
cpu,1772499600000,79823.564707
cpu,1772503200000,75961.825687
cpu,1772506800000,81271.280203
cpu,1772510400000,81312.653338
cpu,1772514000000,77503.077698
cpu,1772517600000,75446.567262
cpu,1772521200000,76349.320799
cpu,1772524800000,75264.439238
cpu,1772528400000,71679.320795
cpu,1772532000000,75406.330111
cpu,1772535600000,76331.798021
cpu,1772539200000,75674.866444
cpu,1772542800000,73960.585493
cpu,1772546400000,76020.831711
cpu,1772550000000,75551.389936
cpu,1772553600000,74314.467908
cpu,1772557200000,79885.424989
cpu,1772560800000,79671.241665
cpu,1772564400000,78020.106281
cpu,1772568000000,77721.9041
cpu,1772571600000,74813.89664
cpu,1772575200000,75733.120711
cpu,1772578800000,76252.040053
cpu,1772582400000,74903.744877
cpu,1772586000000,78809.520688
cpu,1772589600000,74894.182792
cpu,1772593200000,79056.257566
cpu,1772596800000,77454.351554
cpu,1772600400000,79836.877693
cpu,1772604000000,79113.33553
cpu,1772607600000,78993.576157
cpu,1772611200000,77693.091945
cpu,1772614800000,76343.960022
cpu,1772618400000,77879.88712
cpu,1772622000000,77240.448517
cpu,1772625600000,79733.629331
cpu,1772629200000,75318.037852
cpu,1772632800000,76653.255258
cpu,1772636400000,77953.636184
cpu,1772640000000,77460.599842
cpu,1772643600000,79047.807854
cpu,1772647200000,82412.765937
cpu,1772650800000,81309.508625
cpu,1772654400000,82348.970777
cpu,1772658000000,81381.410973
cpu,1772661600000,80053.365446
cpu,1772665200000,82743.309126
cpu,1772668800000,79832.734029
cpu,1772672400000,77756.708013
cpu,1772676000000,80713.239228
cpu,1772679600000,77970.913426
cpu,1772683200000,77120.876643
cpu,1772686800000,77568.735438
cpu,1772690400000,77463.245696
cpu,1772694000000,75661.906344
cpu,1772697600000,76691.364132
cpu,1772701200000,76440.131232
cpu,1772704800000,77785.677789
cpu,1772708400000,71974.283259
cpu,1772712000000,76106.940308
cpu,1772715600000,76913.754627
cpu,1772719200000,76776.532448
cpu,1772722800000,76039.621196
cpu,1772726400000,75038.281683
cpu,1772730000000,77577.243137
cpu,1772733600000,77323.459434
cpu,1772737200000,77013.894721
cpu,1772740800000,76695.722801
cpu,1772744400000,83142.347625
cpu,1772748000000,83512.275936
cpu,1772751600000,83433.978088
cpu,1772755200000,81037.971499
cpu,1772758800000,84084.407338
cpu,1772762400000,82002.344049
cpu,1772766000000,83703.551263
cpu,1772769600000,80522.0584
cpu,1772773200000,78167.371455
cpu,1772776800000,80090.275137
cpu,1772780400000,77124.893084
cpu,1772784000000,73586.796657
cpu,1772787600000,76105.922156
cpu,1772791200000,74857.321272
cpu,1772794800000,72202.455765
cpu,1772798400000,68979.490521
cpu,1772802000000,69773.075424
cpu,1772805600000,72552.821075
cpu,1772809200000,71960.387658
cpu,1772812800000,74769.17004
cpu,1772816400000,76761.17336
cpu,1772820000000,75872.802713
cpu,1772823600000,73867.997633
cpu,1772827200000,80008.729222
cpu,1772830800000,77298.475319
cpu,1772834400000,79146.026885
cpu,1772838000000,83262.317691
cpu,1772841600000,83865.948633
cpu,1772845200000,80531.535503
cpu,1772848800000,79527.415713
cpu,1772852400000,76719.612488
cpu,1772856000000,78696.108775
cpu,1772859600000,75601.255679
cpu,1772863200000,77223.736001
cpu,1772866800000,76364.18008
cpu,1772870400000,77014.305282
cpu,1772874000000,73212.161039
cpu,1772877600000,71099.740794
cpu,1772881200000,68301.768024
cpu,1772884800000,68836.814889
cpu,1772888400000,61308.637639
cpu,1772892000000,62824.741158
cpu,1772895600000,64944.951082
cpu,1772899200000,71076.540287
cpu,1772902800000,70175.596517
cpu,1772906400000,68850.59608
cpu,1772910000000,73462.334846
cpu,1772913600000,72135.026022
cpu,1772917200000,74862.534556
cpu,1772920800000,77587.444158
cpu,1772924400000,75264.758227
cpu,1772928000000,79464.054642
cpu,1772931600000,79132.907957
cpu,1772935200000,79180.490081
cpu,1772938800000,80317.022664
cpu,1772942400000,75909.382486
cpu,1772946000000,75100.731698
cpu,1772949600000,75944.499022
cpu,1772953200000,75018.686251
cpu,1772956800000,68996.555137
cpu,1772960400000,64716.699917
cpu,1772964000000,67602.145831
cpu,1772967600000,64192.053085
cpu,1772971200000,65690.537615
cpu,1772974800000,61663.904733
cpu,1772978400000,64579.80726
cpu,1772982000000,66608.332596
cpu,1772985600000,64182.063396
cpu,1772989200000,63153.017481
cpu,1772992800000,66504.98699
cpu,1772996400000,61817.944804
cpu,1773000000000,61992.321777
cpu,1773003600000,64623.544442
cpu,1773007200000,65268.787658
cpu,1773010800000,64488.081313
cpu,1773014400000,65544.993969
cpu,1773018000000,64752.959262
cpu,1773021600000,66149.550257
cpu,1773025200000,64250.742907
cpu,1773028800000,61715.351363
cpu,1773032400000,62243.235466
cpu,1773036000000,64112.390215
cpu,1773039600000,65077.212911
cpu,1773043200000,64218.824501
cpu,1773046800000,60955.391574
cpu,1773050400000,62815.875764
cpu,1773054000000,63106.571234
cpu,1773057600000,60981.339562
cpu,1773061200000,61421.549831
cpu,1773064800000,62363.15485
cpu,1773068400000,63332.883044
cpu,1773072000000,70473.562525
cpu,1773075600000,69541.809458
cpu,1773079200000,69805.007454
cpu,1773082800000,72922.582491
cpu,1773086400000,71043.469381
cpu,1773090000000,72393.872234
cpu,1773093600000,78100.38484
cpu,1773097200000,75708.447748
cpu,1773100800000,76740.969292
cpu,1773104400000,74778.333709
cpu,1773108000000,76868.524894
cpu,1773111600000,76138.912183
cpu,1773115200000,78785.380698
cpu,1773118800000,78684.756592
cpu,1773122400000,75900.163845
cpu,1773126000000,73733.329364
cpu,1773129600000,76878.004731
cpu,1773133200000,76794.142281
cpu,1773136800000,72438.138286
cpu,1773140400000,75419.162097
cpu,1773144000000,73721.296088
cpu,1773147600000,72695.052508
cpu,1773151200000,73382.935215
cpu,1773154800000,80426.451629
cpu,1773158400000,78802.970153
cpu,1773162000000,77326.865478
cpu,1773165600000,75802.593606
cpu,1773169200000,77761.809182
cpu,1773172800000,77763.249016
cpu,1773176400000,80848.889799
cpu,1773180000000,80489.976831
cpu,1773183600000,81039.749095
cpu,1773187200000,78121.494975
cpu,1773190800000,80574.429241
cpu,1773194400000,80533.162839
cpu,1773198000000,78388.063701
cpu,1773201600000,78478.174383
cpu,1773205200000,76683.287937
cpu,1773208800000,77872.823771
cpu,1773212400000,77630.577086
cpu,1773216000000,75019.901239
cpu,1773219600000,75702.934432
cpu,1773223200000,74352.364755
cpu,1773226800000,75346.85718
cpu,1773230400000,74287.929683
cpu,1773234000000,71129.328313
cpu,1773237600000,72760.581683
cpu,1773241200000,71813.957365
cpu,1773244800000,73152.176604
cpu,1773248400000,70561.512801
cpu,1773252000000,71430.967339
cpu,1773255600000,72672.539322
cpu,1773259200000,78106.09147
cpu,1773262800000,77532.63785
cpu,1773266400000,77455.563124
cpu,1773270000000,75562.271083
cpu,1773273600000,75947.162155
cpu,1773277200000,76849.523439
cpu,1773280800000,78762.741864
cpu,1773284400000,71928.561348
cpu,1773288000000,72513.483115
cpu,1773291600000,74062.528192
cpu,1773295200000,74343.579395
cpu,1773298800000,73544.047502
cpu,1773302400000,71672.239382
cpu,1773306000000,74754.064931
cpu,1773309600000,70015.642223
cpu,1773313200000,71875.884336
cpu,1773316800000,73209.865
cpu,1773320400000,71376.638778
cpu,1773324000000,74342.444312
cpu,1773327600000,72765.438434
cpu,1773331200000,72399.657609
cpu,1773334800000,73636.436687
cpu,1773338400000,72238.784482
cpu,1773342000000,75852.050552
cpu,1773345600000,75255.501958
cpu,1773349200000,77005.893079
cpu,1773352800000,79694.372492
cpu,1773356400000,73510.15225
cpu,1773360000000,73004.706447
cpu,1773363600000,77596.076671
cpu,1773367200000,74188.91134
cpu,1773370800000,73707.757558
cpu,1773374400000,74781.538609
cpu,1773378000000,73353.085171
cpu,1773381600000,73655.761045
cpu,1773385200000,69821.381732
cpu,1773388800000,68265.035045
cpu,1773392400000,65095.668668
cpu,1773396000000,62580.718685
cpu,1773399600000,63880.523693
cpu,1773403200000,61814.075584
cpu,1773406800000,61562.01972
cpu,1773410400000,62006.052072
cpu,1773414000000,65733.867165
cpu,1773417600000,65768.817299
cpu,1773421200000,70421.217046
cpu,1773424800000,71245.490848
cpu,1773428400000,71400.628157
cpu,1773432000000,75082.060948
cpu,1773435600000,74666.287184
cpu,1773439200000,76058.013884
cpu,1773442800000,75453.77094
cpu,1773446400000,69007.10381
cpu,1773450000000,72472.004961
cpu,1773453600000,71850.683909
cpu,1773457200000,69926.604846
cpu,1773460800000,70307.281419
cpu,1773464400000,74040.892984
cpu,1773468000000,73919.880145
cpu,1773471600000,74776.229701
cpu,1773475200000,72752.668596
cpu,1773478800000,73827.628303
cpu,1773482400000,70422.665413
cpu,1773486000000,72355.497549
cpu,1773489600000,70629.190956
cpu,1773493200000,70492.73498
cpu,1773496800000,68174.871449
cpu,1773500400000,67510.045541
cpu,1773504000000,70520.843879
cpu,1773507600000,68611.674834
cpu,1773511200000,69887.723772
cpu,1773514800000,66882.178368
cpu,1773518400000,67935.186622
cpu,1773522000000,67721.827212
cpu,1773525600000,65605.46006
cpu,1773529200000,67748.123553
cpu,1773532800000,63661.532732
cpu,1773536400000,65977.236934
cpu,1773540000000,66758.996506
cpu,1773543600000,64406.75711
cpu,1773547200000,68212.212847
cpu,1773550800000,69176.783243
cpu,1773554400000,67162.392474
cpu,1773558000000,67967.450115
cpu,1773561600000,66698.28461
cpu,1773565200000,64953.466601
cpu,1773568800000,66671.424286
cpu,1773572400000,64902.814376
cpu,1773576000000,65586.22811
cpu,1773579600000,63059.306114
cpu,1773583200000,59181.359212
cpu,1773586800000,62261.0106
cpu,1773590400000,59988.609742
cpu,1773594000000,64614.379299
cpu,1773597600000,65457.611506
cpu,1773601200000,63676.862548
cpu,1773604800000,60951.182553
cpu,1773608400000,61790.000057
cpu,1773612000000,62768.568233
cpu,1773615600000,62326.048908
cpu,1773619200000,69626.451994
cpu,1773622800000,71339.750593
cpu,1773626400000,71789.318503
cpu,1773630000000,70147.393999
cpu,1773633600000,66164.481957
cpu,1773637200000,68283.077797
cpu,1773640800000,69581.457821
cpu,1773644400000,68205.085518
cpu,1773648000000,69613.353539
cpu,1773651600000,69558.238519
cpu,1773655200000,67869.901077
cpu,1773658800000,66849.042072
cpu,1773662400000,63612.48018
cpu,1773666000000,63664.454195
cpu,1773669600000,63491.928949
cpu,1773673200000,67754.405561
cpu,1773676800000,72928.818014
cpu,1773680400000,72587.363365
cpu,1773684000000,69021.352307
cpu,1773687600000,72203.673494
cpu,1773691200000,71582.690418
cpu,1773694800000,73358.769058
cpu,1773698400000,73710.829808
cpu,1773702000000,70008.188932
cpu,1773705600000,73723.306559
cpu,1773709200000,72102.994786
cpu,1773712800000,73462.269822
cpu,1773716400000,69720.36558
cpu,1773720000000,73013.627173
cpu,1773723600000,74171.420583
cpu,1773727200000,72724.586893
cpu,1773730800000,70514.181385
cpu,1773734400000,67975.30601
cpu,1773738000000,68501.048309
cpu,1773741600000,70784.533933
cpu,1773745200000,69786.581911
cpu,1773748800000,69043.054947
cpu,1773752400000,69468.861056
cpu,1773756000000,67613.000526
cpu,1773759600000,68642.575493
cpu,1773763200000,69141.485334
cpu,1773766800000,71066.727602
cpu,1773770400000,68929.399555
cpu,1773774000000,74906.063717
cpu,1773777600000,72843.698446
cpu,1773781200000,78216.827091
cpu,1773784800000,74571.411291
cpu,1773788400000,76372.14253
cpu,1773792000000,76877.852388
cpu,1773795600000,75291.602844
cpu,1773799200000,76070.311264
cpu,1773802800000,75541.727115
cpu,1773806400000,74001.567869
cpu,1773810000000,73112.283221
cpu,1773813600000,69845.816575
cpu,1773817200000,69607.611013
cpu,1773820800000,71917.82087
cpu,1773824400000,69166.585197
cpu,1773828000000,67024.637192
cpu,1773831600000,67118.216425
cpu,1773835200000,66195.887662
cpu,1773838800000,65263.106959
cpu,1773842400000,69777.097093
cpu,1773846000000,68924.999179
cpu,1773849600000,72674.511724
cpu,1773853200000,80160.891556
cpu,1773856800000,80707.668884
cpu,1773860400000,78621.379228
cpu,1773864000000,82045.375862
cpu,1773867600000,87947.238688
cpu,1773871200000,88452.55354
cpu,1773874800000,87036.304488
cpu,1773878400000,85904.87195
cpu,1773882000000,85711.379946
cpu,1773885600000,82338.821234
cpu,1773889200000,83617.028152
cpu,1773892800000,79760.704365
cpu,1773896400000,80602.023687
cpu,1773900000000,81382.764265
cpu,1773903600000,80626.444666
cpu,1773907200000,77995.845921
cpu,1773910800000,79081.077921
cpu,1773914400000,79662.172029
cpu,1773918000000,72921.201906
cpu,1773921600000,75139.696553
cpu,1773925200000,74413.658482
cpu,1773928800000,74479.414737
cpu,1773932400000,77137.156601
cpu,1773936000000,76839.692866
cpu,1773939600000,83114.062012
cpu,1773943200000,81768.04317
cpu,1773946800000,83859.641122
cpu,1773950400000,82297.735111
cpu,1773954000000,84061.875886
cpu,1773957600000,83196.266509
cpu,1773961200000,84926.345889
cpu,1773964800000,81180.1156
cpu,1773968400000,83238.601936
cpu,1773972000000,80420.732967
cpu,1773975600000,79070.844848
cpu,1773979200000,79576.631013
cpu,1773982800000,80567.758446
cpu,1773986400000,79428.324407
cpu,1773990000000,77758.647223
cpu,1773993600000,77741.918363
cpu,1773997200000,76928.645117
cpu,1774000800000,76733.141902
cpu,1774004400000,75017.763433
cpu,1774008000000,71153.973003
cpu,1774011600000,71515.469347
cpu,1774015200000,70170.326314
cpu,1774018800000,74137.734089
cpu,1774022400000,74821.565623
cpu,1774026000000,76986.32985
cpu,1774029600000,76559.728495
cpu,1774033200000,81469.737922
cpu,1774036800000,84976.298387
cpu,1774040400000,81407.261762
cpu,1774044000000,81128.710199
cpu,1774047600000,81141.562661
cpu,1774051200000,79792.073453
cpu,1774054800000,81577.957574
cpu,1774058400000,79136.729279
cpu,1774062000000,77063.398372
cpu,1774065600000,77275.283594
cpu,1774069200000,77703.398133
cpu,1774072800000,74456.424682
cpu,1774076400000,79742.926599
cpu,1774080000000,74559.557875
cpu,1774083600000,75229.067327
cpu,1774087200000,74170.319865
cpu,1774090800000,72181.025881
cpu,1774094400000,67456.842236
cpu,1774098000000,70903.75763
cpu,1774101600000,67853.217806
cpu,1774105200000,68375.709218
cpu,1774108800000,78982.518809
cpu,1774112400000,82588.440424
cpu,1774116000000,80107.278082
cpu,1774119600000,83798.069399
cpu,1774123200000,80268.238798
cpu,1774126800000,81195.174477
cpu,1774130400000,76869.602767
cpu,1774134000000,81126.04685
cpu,1774137600000,79572.540634
cpu,1774141200000,80826.543721
cpu,1774144800000,83486.829673
cpu,1774148400000,82643.837669
cpu,1774152000000,82442.413933
cpu,1774155600000,80903.089609
cpu,1774159200000,80931.275202
cpu,1774162800000,82986.89483
cpu,1774166400000,79162.286659
cpu,1774170000000,76109.555702
cpu,1774173600000,75540.766956
cpu,1774177200000,74065.030038
cpu,1774180800000,73341.746016
cpu,1774184400000,71265.488482
cpu,1774188000000,71021.446284
cpu,1774191600000,72950.312411
cpu,1774195200000,76221.566419
cpu,1774198800000,78595.012251
cpu,1774202400000,76727.877146
cpu,1774206000000,71547.066895
cpu,1774209600000,72866.436216
cpu,1774213200000,73188.860874
cpu,1774216800000,72124.322796
cpu,1774220400000,76080.949449
cpu,1774224000000,74558.405359
cpu,1774227600000,73924.07422
cpu,1774231200000,73630.852672
cpu,1774234800000,72673.520394
cpu,1774238400000,75973.124967
cpu,1774242000000,72992.802122
cpu,1774245600000,75030.267878
cpu,1774249200000,73069.720192
cpu,1774252800000,72692.38782
cpu,1774256400000,72219.494982
cpu,1774260000000,72761.060186
cpu,1774263600000,72552.930031
cpu,1774267200000,70902.516671
cpu,1774270800000,70405.790105
cpu,1774274400000,71060.871433
cpu,1774278000000,77830.760447
cpu,1774281600000,77071.981339
cpu,1774285200000,88647.838316
cpu,1774288800000,86312.298908
cpu,1774292400000,84560.290274
cpu,1774296000000,84765.808999
cpu,1774299600000,83493.201344
cpu,1774303200000,84886.112144
cpu,1774306800000,83471.094146
cpu,1774310400000,81354.675057
cpu,1774314000000,80132.11685
cpu,1774317600000,80889.765117
cpu,1774321200000,77579.031374
cpu,1774324800000,80149.404603
cpu,1774328400000,78556.909876
cpu,1774332000000,75870.893825
cpu,1774335600000,72417.355996
cpu,1774339200000,72336.860597
cpu,1774342800000,72405.514622
cpu,1774346400000,69407.588192
cpu,1774350000000,70301.030243
cpu,1774353600000,69903.4576
cpu,1774357200000,68508.164442
cpu,1774360800000,70554.743603
cpu,1774364400000,72422.01233
cpu,1774368000000,73455.211701
cpu,1774371600000,73566.253034
cpu,1774375200000,82359.224854
cpu,1774378800000,80858.35964
cpu,1774382400000,83967.762309
cpu,1774386000000,84241.847372
cpu,1774389600000,82940.245286
cpu,1774393200000,81419.62873
cpu,1774396800000,85546.777006
cpu,1774400400000,83699.328075
cpu,1774404000000,80750.044953
cpu,1774407600000,80653.129698
cpu,1774411200000,78332.72323
cpu,1774414800000,79268.679774
cpu,1774418400000,80267.59614
cpu,1774422000000,75498.762694
cpu,1774425600000,78001.127706
cpu,1774429200000,76929.160876
cpu,1774432800000,79193.242379
cpu,1774436400000,77662.164682
cpu,1774440000000,73734.744603
cpu,1774443600000,75407.20122
cpu,1774447200000,77960.087674
cpu,1774450800000,72426.439457
cpu,1774454400000,74995.825872
cpu,1774458000000,74218.889112
cpu,1774461600000,74772.687534
cpu,1774465200000,76398.670119
cpu,1774468800000,77507.936252
cpu,1774472400000,77247.689462
cpu,1774476000000,73702.448738
cpu,1774479600000,74409.876992
cpu,1774483200000,75677.774507
cpu,1774486800000,74021.817543
cpu,1774490400000,72853.68973
cpu,1774494000000,75233.739999
cpu,1774497600000,73377.76669
cpu,1774501200000,74305.843292
cpu,1774504800000,73240.476174
cpu,1774508400000,76092.754706
cpu,1774512000000,76066.877676
cpu,1774515600000,75614.436222
cpu,1774519200000,77039.486695
cpu,1774522800000,72254.275413
cpu,1774526400000,73191.553864
cpu,1774530000000,69481.399293
cpu,1774533600000,74486.139133
cpu,1774537200000,73231.843137
cpu,1774540800000,71995.985022
cpu,1774544400000,73218.658871
cpu,1774548000000,75094.656164
cpu,1774551600000,73089.417703
cpu,1774555200000,74071.905046
cpu,1774558800000,74976.393204
cpu,1774562400000,72877.450251
cpu,1774566000000,74335.36528
cpu,1774569600000,72943.496149
cpu,1774573200000,73512.735148
cpu,1774576800000,73164.814365
cpu,1774580400000,70657.524768
cpu,1774584000000,67883.093536
cpu,1774587600000,72314.559181
cpu,1774591200000,76018.897755
cpu,1774594800000,72360.943634
cpu,1774598400000,72496.46565
cpu,1774602000000,69612.189758
cpu,1774605600000,69133.370307
cpu,1774609200000,65844.672676
cpu,1774612800000,66917.605809
cpu,1774616400000,67052.993066
cpu,1774620000000,65468.730074
cpu,1774623600000,65672.726837
cpu,1774627200000,71277.028524
cpu,1774630800000,71727.644535
cpu,1774634400000,71808.219756
cpu,1774638000000,70297.893621
cpu,1774641600000,71519.030032
cpu,1774645200000,68846.890797
cpu,1774648800000,69380.675085
cpu,1774652400000,71766.822923
cpu,1774656000000,73876.728916
cpu,1774659600000,72145.025235
cpu,1774663200000,69855.8877
cpu,1774666800000,72286.791113
cpu,1774670400000,75293.462326
cpu,1774674000000,76131.285403
cpu,1774677600000,71191.275625
cpu,1774681200000,68771.991783
cpu,1774684800000,67791.45026
cpu,1774688400000,69915.92592
cpu,1774692000000,66991.626049
cpu,1774695600000,66154.162453
cpu,1774699200000,63839.790893
cpu,1774702800000,65231.56227
cpu,1774706400000,61429.307989
cpu,1774710000000,63985.683299
cpu,1774713600000,64672.882888
cpu,1774717200000,63286.088717
cpu,1774720800000,64264.005276
cpu,1774724400000,62681.050174
cpu,1774728000000,66752.030527
cpu,1774731600000,67492.154711
cpu,1774735200000,66353.311127
cpu,1774738800000,65538.215738
cpu,1774742400000,69660.509566
cpu,1774746000000,70734.09103
cpu,1774749600000,70250.176385
cpu,1774753200000,73052.374354
cpu,1774756800000,69914.974583
cpu,1774760400000,69780.098931
cpu,1774764000000,71232.534491
cpu,1774767600000,74357.682803
cpu,1774771200000,71383.696769
cpu,1774774800000,68749.191827
cpu,1774778400000,64909.525277
cpu,1774782000000,67545.06326
cpu,1774785600000,65071.645882
cpu,1774789200000,65828.472305
cpu,1774792800000,70177.67402
cpu,1774796400000,68205.519786
cpu,1774800000000,66458.266046
cpu,1774803600000,65804.16163
cpu,1774807200000,67299.068562
cpu,1774810800000,65435.463646
cpu,1774814400000,62743.770855
cpu,1774818000000,68045.596804
cpu,1774821600000,68271.250102
cpu,1774825200000,72417.081583
cpu,1774828800000,67740.686747
cpu,1774832400000,68840.640423
cpu,1774836000000,63074.685765
cpu,1774839600000,60408.730512
cpu,1774843200000,60839.899975
cpu,1774846800000,62357.14462
cpu,1774850400000,61280.229556
cpu,1774854000000,59052.112036
cpu,1774857600000,59444.044691
cpu,1774861200000,60251.988673
cpu,1774864800000,59780.157018
cpu,1774868400000,60132.038545
cpu,1774872000000,57424.859933
cpu,1774875600000,60559.404767
cpu,1774879200000,57502.292259
cpu,1774882800000,64326.870914
cpu,1774886400000,63990.150959
cpu,1774890000000,65222.932435
cpu,1774893600000,69303.100487
cpu,1774897200000,65984.514006
cpu,1774900800000,66508.428681
cpu,1774904400000,66939.219836
cpu,1774908000000,74248.2068
cpu,1774911600000,75507.364562
cpu,1774915200000,73866.872778
cpu,1774918800000,70714.741229
cpu,1774922400000,72186.441717
cpu,1774926000000,64866.110953
cpu,1774929600000,65720.313809
cpu,1774933200000,67718.718826
cpu,1774936800000,65792.332519
cpu,1774940400000,66937.445271
cpu,1774944000000,70021.172639
cpu,1774947600000,71978.826116
cpu,1774951200000,65913.056245
cpu,1774954800000,67143.85302
cpu,1774958400000,67926.722685
cpu,1774962000000,66680.724601
cpu,1774965600000,62939.777354
cpu,1774969200000,64205.217958
cpu,1774972800000,68997.191549
cpu,1774976400000,66646.169486
cpu,1774980000000,71228.762627
cpu,1774983600000,73474.155146
cpu,1774987200000,73441.256474
cpu,1774990800000,74205.027196
cpu,1774994400000,74937.443542
cpu,1774998000000,68253.780518
cpu,1775001600000,71931.560732
cpu,1775005200000,71444.476378
cpu,1775008800000,73938.651596
cpu,1775012400000,74608.413205
cpu,1775016000000,76239.887262
cpu,1775019600000,76241.090174
cpu,1775023200000,74937.137319
cpu,1775026800000,73862.826908
cpu,1775030400000,75266.20799
cpu,1775034000000,72683.071923
cpu,1775037600000,73354.101661
cpu,1775041200000,74619.124267
cpu,1775044800000,70800.750094
cpu,1775048400000,69673.042026
cpu,1775052000000,73770.339345
cpu,1775055600000,74008.813736
cpu,1775059200000,75628.753212
cpu,1775062800000,73955.390337
cpu,1775066400000,71153.810168
cpu,1775070000000,71601.852591
cpu,1775073600000,74699.711114
cpu,1775077200000,76955.270197
cpu,1775080800000,76611.520753
cpu,1775084400000,74756.655243
cpu,1775088000000,71558.591241
cpu,1775091600000,75772.872142
cpu,1775095200000,73596.01036
cpu,1775098800000,75786.095396
cpu,1775102400000,73053.601286
cpu,1775106000000,78996.508654
cpu,1775109600000,77580.461774
cpu,1775113200000,75549.199059
cpu,1775116800000,72505.151338
cpu,1775120400000,73115.363299
cpu,1775124000000,69336.339935
cpu,1775127600000,71588.993872
cpu,1775131200000,71183.497338
cpu,1775134800000,69923.362821
cpu,1775138400000,70914.081792
cpu,1775142000000,74517.400799
cpu,1775145600000,66870.291158
cpu,1775149200000,78951.027249
cpu,1775152800000,76296.164373
cpu,1775156400000,77209.309447
cpu,1775160000000,77458.650312
cpu,1775163600000,78476.558111
cpu,1775167200000,75070.177477
cpu,1775170800000,79017.440202
cpu,1775174400000,75796.779669
cpu,1775178000000,80253.778586
cpu,1775181600000,80462.672828
cpu,1775185200000,77017.304112
cpu,1775188800000,83007.310434
cpu,1775192400000,79793.561279
cpu,1775196000000,77811.786797
cpu,1775199600000,78013.299865
cpu,1775203200000,76284.059334
cpu,1775206800000,76568.961448
cpu,1775210400000,75866.141604
cpu,1775214000000,75179.1083
cpu,1775217600000,77476.51871
cpu,1775221200000,79410.800133
cpu,1775224800000,81236.508266
cpu,1775228400000,72462.556011
cpu,1775232000000,78223.315638
cpu,1775235600000,77602.807992
cpu,1775239200000,76170.90473
cpu,1775242800000,75143.829446
cpu,1775246400000,80879.458564
cpu,1775250000000,79132.328161
cpu,1775253600000,82779.651666
cpu,1775257200000,82474.532917
cpu,1775260800000,80557.508523
cpu,1775264400000,79249.986696
cpu,1775268000000,79989.936924
cpu,1775271600000,78194.569142
cpu,1775275200000,74742.892881
cpu,1775278800000,75215.745758
cpu,1775282400000,77707.670863
cpu,1775286000000,72260.301617
cpu,1775289600000,74771.68361
cpu,1775293200000,72683.402063
cpu,1775296800000,73263.812427
cpu,1775300400000,69751.097456
cpu,1775304000000,68810.280661
cpu,1775307600000,72929.801534
cpu,1775311200000,74135.739816
cpu,1775314800000,72717.936063
cpu,1775318400000,73328.185229
cpu,1775322000000,73058.817534
cpu,1775325600000,77573.615362
cpu,1775329200000,71166.043663
cpu,1775332800000,79599.581047
cpu,1775336400000,80553.877117
cpu,1775340000000,75243.367369
cpu,1775343600000,75758.557304
cpu,1775347200000,79105.376598
cpu,1775350800000,80611.534979
cpu,1775354400000,78606.845858
cpu,1775358000000,78634.645922
cpu,1775361600000,74996.909671
cpu,1775365200000,75295.808059
cpu,1775368800000,74624.496907
cpu,1775372400000,77844.793616
cpu,1775376000000,75714.737819
cpu,1775379600000,76668.036943
cpu,1775383200000,69305.64774
cpu,1775386800000,68302.457061
cpu,1775390400000,69790.781796
cpu,1775394000000,70623.324704
cpu,1775397600000,73182.301072
cpu,1775401200000,70451.758089
cpu,1775404800000,70761.209766
cpu,1775408400000,69589.60771
cpu,1775412000000,66746.729563
cpu,1775415600000,69734.335096
cpu,1775419200000,66959.777321
cpu,1775422800000,65789.003838
cpu,1775426400000,67568.790856
cpu,1775430000000,68040.968041
cpu,1775433600000,67794.280757
cpu,1775437200000,70685.768462
cpu,1775440800000,69620.421156
cpu,1775444400000,70998.206626
cpu,1775448000000,69202.596375
cpu,1775451600000,67662.005373
cpu,1775455200000,69315.202799
cpu,1775458800000,66483.822553
cpu,1775462400000,72351.444592
cpu,1775466000000,72264.178893
cpu,1775469600000,66417.974984
cpu,1775473200000,67213.916159
cpu,1775476800000,69281.928474
cpu,1775480400000,68222.338999
cpu,1775484000000,65773.559153
cpu,1775487600000,66440.968316
cpu,1775491200000,68946.889115
cpu,1775494800000,73853.613006
cpu,1775498400000,71306.066124
cpu,1775502000000,76992.775436
cpu,1775505600000,78970.549105
cpu,1775509200000,82567.62659
cpu,1775512800000,80270.880143
cpu,1775516400000,84595.667158
cpu,1775520000000,82449.863284
cpu,1775523600000,80778.16174
cpu,1775527200000,76656.48457
cpu,1775530800000,80399.820599
cpu,1775534400000,81328.85926
cpu,1775538000000,82754.386628
cpu,1775541600000,80128.762266
cpu,1775545200000,77524.910821
cpu,1775548800000,78079.190985
cpu,1775552400000,75373.729235
cpu,1775556000000,77332.257996
cpu,1775559600000,74679.686079
cpu,1775563200000,73859.25411
cpu,1775566800000,76755.809362
cpu,1775570400000,78330.469995
cpu,1775574000000,76700.935421
cpu,1775577600000,84945.567222
cpu,1775581200000,79071.727647
cpu,1775584800000,76391.172831
cpu,1775588400000,82320.07665
cpu,1775592000000,84765.717332
cpu,1775595600000,84458.217891
cpu,1775599200000,83910.253946
cpu,1775602800000,83601.049195
cpu,1775606400000,78859.723197
cpu,1775610000000,80136.796398
cpu,1775613600000,77625.029468
cpu,1775617200000,80096.645242
cpu,1775620800000,79966.862712
cpu,1775624400000,82201.789525
cpu,1775628000000,80137.651617
cpu,1775631600000,82601.027935
cpu,1775635200000,82349.832678
cpu,1775638800000,80713.695494
cpu,1775642400000,80507.748818
cpu,1775646000000,80969.604818
cpu,1775649600000,79690.776185
cpu,1775653200000,79243.836055
cpu,1775656800000,80482.127745
cpu,1775660400000,78654.876082
cpu,1775664000000,80149.406534
cpu,1775667600000,80122.027537
cpu,1775671200000,85942.32943
cpu,1775674800000,87962.995848
cpu,1775678400000,86886.45021
cpu,1775682000000,83912.018127
cpu,1775685600000,81510.142904
cpu,1775689200000,83018.580106
cpu,1775692800000,80929.326941
cpu,1775696400000,83945.903007
cpu,1775700000000,84048.267845
cpu,1775703600000,83156.385103
cpu,1775707200000,81748.833177
cpu,1775710800000,84311.339814
cpu,1775714400000,83305.319399
cpu,1775718000000,81027.048885
cpu,1775721600000,81900.406182
cpu,1775725200000,80373.079195
cpu,1775728800000,80146.91046
cpu,1775732400000,76597.780713
cpu,1775736000000,78531.158876
cpu,1775739600000,79154.889102
cpu,1775743200000,78708.220879
cpu,1775746800000,81591.626057
cpu,1775750400000,83526.847104
cpu,1775754000000,85621.806212
cpu,1775757600000,83157.537103
cpu,1775761200000,86023.21563
cpu,1775764800000,84387.341956
cpu,1775768400000,83552.112238
cpu,1775772000000,84460.276066
cpu,1775775600000,83233.625127
cpu,1775779200000,84145.118293
cpu,1775782800000,85846.381103
cpu,1775786400000,82379.887144
cpu,1775790000000,82684.226187
cpu,1775793600000,81059.500039
cpu,1775797200000,81774.584722
cpu,1775800800000,84377.902233
cpu,1775804400000,77962.313213
cpu,1775808000000,79070.939424
cpu,1775811600000,77154.069005
cpu,1775815200000,79925.543643
cpu,1775818800000,77756.34769
cpu,1775822400000,76621.159527
cpu,1775826000000,80007.000634
cpu,1775829600000,78986.533234
cpu,1775833200000,80461.670607
cpu,1775836800000,84433.414116
cpu,1775840400000,79791.338414
cpu,1775844000000,82658.252327
cpu,1775847600000,83171.857162
cpu,1775851200000,83577.568445
cpu,1775854800000,81706.748746
cpu,1775858400000,83581.384907
cpu,1775862000000,84025.677216
cpu,1775865600000,84084.241533
cpu,1775869200000,83038.842383
cpu,1775872800000,82804.836558
cpu,1775876400000,83597.85288
cpu,1775880000000,84512.063833
cpu,1775883600000,81056.15142
cpu,1775887200000,82065.177084
cpu,1775890800000,83005.523326
cpu,1775894400000,82980.100915
cpu,1775898000000,81617.405149
cpu,1775901600000,81607.893157
cpu,1775905200000,82652.873321
cpu,1775908800000,80951.700545
cpu,1775912400000,74294.788581
cpu,1775916000000,78125.524033
cpu,1775919600000,78401.814466
cpu,1775923200000,81692.291291
cpu,1775926800000,80579.555533
cpu,1775930400000,85307.081486
cpu,1775934000000,83006.766326
cpu,1775937600000,82237.710855
cpu,1775941200000,80577.94058
cpu,1775944800000,78298.568109
cpu,1775948400000,77429.50754
cpu,1775952000000,78081.47991
cpu,1775955600000,76167.173101
cpu,1775959200000,77526.872557
cpu,1775962800000,77905.457855
cpu,1775966400000,75863.83662
cpu,1775970000000,74198.918598
cpu,1775973600000,75355.956616
cpu,1775977200000,74681.094626
cpu,1775980800000,72907.31429
cpu,1775984400000,71521.366622
cpu,1775988000000,69818.190161
cpu,1775991600000,69883.753184
cpu,1775995200000,70481.317775
cpu,1775998800000,66077.663489
cpu,1776002400000,68509.048891
cpu,1776006000000,69252.729399
cpu,1776009600000,69900.731747
cpu,1776013200000,79223.320995
cpu,1776016800000,77628.812292
cpu,1776020400000,77622.621193
cpu,1776024000000,75522.537087
cpu,1776027600000,78442.128384
cpu,1776031200000,80161.674548
cpu,1776034800000,82982.040262
cpu,1776038400000,82711.743343
cpu,1776042000000,83913.632529
cpu,1776045600000,82304.777535
cpu,1776049200000,85865.41586
cpu,1776052800000,85606.745934
cpu,1776056400000,83584.105712
cpu,1776060000000,83896.98617
cpu,1776063600000,82158.486492
cpu,1776067200000,84062.233744
cpu,1776070800000,86267.606492
cpu,1776074400000,84316.438796
cpu,1776078000000,81828.579387
cpu,1776081600000,83534.13859
cpu,1776085200000,78814.159097
cpu,1776088800000,80845.987658
cpu,1776092400000,78166.536994
cpu,1776096000000,85940.025541
cpu,1776099600000,84615.177153
cpu,1776103200000,83592.552629
cpu,1776106800000,83200.794302
cpu,1776110400000,84343.747853
cpu,1776114000000,85343.155895
cpu,1776117600000,84132.184512
cpu,1776121200000,83863.389301
cpu,1776124800000,86969.861131
cpu,1776128400000,79445.080065
cpu,1776132000000,81053.713943
cpu,1776135600000,85862.50758
cpu,1776139200000,89388.049702
cpu,1776142800000,86680.552016
cpu,1776146400000,88106.288539
cpu,1776150000000,86003.12251
cpu,1776153600000,83506.794958
cpu,1776157200000,84767.43503
cpu,1776160800000,80451.176757
cpu,1776164400000,76364.682033
cpu,1776168000000,75596.965523
cpu,1776171600000,79028.070022
cpu,1776175200000,79978.345157
cpu,1776178800000,75400.310567
cpu,1776182400000,83846.981465
cpu,1776186000000,82987.361902
cpu,1776189600000,82620.211586
cpu,1776193200000,83460.106287
cpu,1776196800000,83744.059084
cpu,1776200400000,85022.979859
cpu,1776204000000,82613.463312
cpu,1776207600000,85268.014801
cpu,1776211200000,81384.268551
cpu,1776214800000,83579.779186
cpu,1776218400000,81197.624434
cpu,1776222000000,77551.623361
cpu,1776225600000,85339.980848
cpu,1776229200000,84801.219467
cpu,1776232800000,85836.291352
cpu,1776236400000,84492.21402
cpu,1776240000000,82718.806281
cpu,1776243600000,83320.147272
cpu,1776247200000,79507.780618
cpu,1776250800000,77426.151478
cpu,1776254400000,77588.872778
cpu,1776258000000,77137.977127
cpu,1776261600000,74870.372061
cpu,1776265200000,74143.644844
cpu,1776268800000,80041.392284
cpu,1776272400000,85114.164863
cpu,1776276000000,83203.375852
cpu,1776279600000,86638.520831
cpu,1776283200000,86543.31923
cpu,1776286800000,84447.51474
cpu,1776290400000,83643.514425
cpu,1776294000000,86265.587812
cpu,1776297600000,83172.873757
cpu,1776301200000,82238.202992
cpu,1776304800000,82950.42895
cpu,1776308400000,80490.342183
cpu,1776312000000,78730.972225
cpu,1776315600000,79172.278291
cpu,1776319200000,77337.91939
cpu,1776322800000,73324.901638
cpu,1776326400000,72013.427534
cpu,1776330000000,73029.165408
cpu,1776333600000,71919.061007
cpu,1776337200000,70249.660468
cpu,1776340800000,71195.161342
cpu,1776344400000,70509.560864
cpu,1776348000000,71861.032174
cpu,1776351600000,70535.376954
cpu,1776355200000,77321.551823
cpu,1776358800000,76779.091452
cpu,1776362400000,76325.534262
cpu,1776366000000,72616.720584
cpu,1776369600000,76135.018209
cpu,1776373200000,76184.937041
cpu,1776376800000,75407.863581
cpu,1776380400000,74518.473666
cpu,1776384000000,76309.335243
cpu,1776387600000,76738.022425
cpu,1776391200000,75190.602847
cpu,1776394800000,74710.525194
cpu,1776398400000,75186.508584
cpu,1776402000000,74853.217399
cpu,1776405600000,72807.51524
cpu,1776409200000,73551.706875
cpu,1776412800000,74953.483265
cpu,1776416400000,75750.712401
cpu,1776420000000,70190.946297
cpu,1776423600000,69643.096708
cpu,1776427200000,72864.552173
cpu,1776430800000,70976.51216
cpu,1776434400000,74819.0602
cpu,1776438000000,75860.14421
cpu,1776441600000,79360.83387
cpu,1776445200000,80034.459158
cpu,1776448800000,80394.949036
cpu,1776452400000,82051.640631
cpu,1776456000000,83265.618641
cpu,1776459600000,79707.703213
cpu,1776463200000,81957.251437
cpu,1776466800000,76584.896686
cpu,1776470400000,80546.202145
cpu,1776474000000,77397.940927
cpu,1776477600000,77601.449772
cpu,1776481200000,77535.077933
cpu,1776484800000,78224.018986
cpu,1776488400000,75043.002836
cpu,1776492000000,77742.611593
cpu,1776495600000,74789.61119
cpu,1776499200000,73606.485497
cpu,1776502800000,76347.460207
cpu,1776506400000,74191.806417
cpu,1776510000000,70419.469389
cpu,1776513600000,73180.503805
cpu,1776517200000,72715.426705
cpu,1776520800000,73559.050479
cpu,1776524400000,74575.523106
cpu,1776528000000,73693.807042
cpu,1776531600000,74276.375259
cpu,1776535200000,73937.451347
cpu,1776538800000,71706.494808
cpu,1776542400000,72031.09032
cpu,1776546000000,71270.605311
cpu,1776549600000,77688.965156
cpu,1776553200000,81864.488702
cpu,1776556800000,78605.680363
cpu,1776560400000,80080.207851
cpu,1776564000000,77560.018147
cpu,1776567600000,78920.959692
cpu,1776571200000,77421.938139
cpu,1776574800000,69370.210254
cpu,1776578400000,72563.303755
cpu,1776582000000,74679.008779
cpu,1776585600000,72145.042038
cpu,1776589200000,73641.861326
cpu,1776592800000,72184.87224
cpu,1776596400000,72628.171034
cpu,1776600000000,71638.730901
cpu,1776603600000,69186.549451
cpu,1776607200000,73312.671773
cpu,1776610800000,69584.145649
cpu,1776614400000,68619.918073
cpu,1776618000000,69634.557398
cpu,1776621600000,68100.395762
cpu,1776625200000,68296.886338
cpu,1776628800000,68401.055673
cpu,1776632400000,73944.601908
cpu,1776636000000,71246.085999
cpu,1776639600000,71005.902812
cpu,1776643200000,75286.053501
cpu,1776646800000,82450.392955
cpu,1776650400000,82390.403599
cpu,1776654000000,82121.945754
cpu,1776657600000,81409.511435
cpu,1776661200000,80573.887083
cpu,1776664800000,79385.333945
cpu,1776668400000,75267.999403
cpu,1776672000000,74638.499912
cpu,1776675600000,80506.138488
cpu,1776679200000,76941.042911
cpu,1776682800000,76539.433623
cpu,1776686400000,75669.521786
cpu,1776690000000,72710.969433
cpu,1776693600000,72779.351782
cpu,1776697200000,76592.714068
cpu,1776700800000,77916.065946
cpu,1776704400000,79143.499261
cpu,1776708000000,77277.407308
cpu,1776711600000,78438.142263
cpu,1776715200000,81943.771755
cpu,1776718800000,81434.35462
cpu,1776722400000,81197.785038
cpu,1776726000000,78422.277162
cpu,1776729600000,78654.533249
cpu,1776733200000,79228.876331
cpu,1776736800000,81721.119472
cpu,1776740400000,82802.293983
cpu,1776744000000,79947.18029
cpu,1776747600000,82578.177332
cpu,1776751200000,80592.099203
cpu,1776754800000,79108.171418
cpu,1776758400000,77469.617725
cpu,1776762000000,75911.70169
cpu,1776765600000,74030.343546
cpu,1776769200000,68647.299571
cpu,1776772800000,70750.664607
cpu,1776776400000,72091.257642
cpu,1776780000000,74979.053371
cpu,1776783600000,74017.27684
cpu,1776787200000,75709.295583
cpu,1776790800000,72327.267885
cpu,1776794400000,77227.110466
cpu,1776798000000,78030.834705
cpu,1776801600000,73512.441408
cpu,1776805200000,82162.586217
cpu,1776808800000,80437.69029
cpu,1776812400000,77137.94612
cpu,1776816000000,78003.343251
cpu,1776819600000,75128.375391
cpu,1776823200000,78385.726508
cpu,1776826800000,75063.63157
cpu,1776830400000,70655.797706
cpu,1776834000000,76998.513423
cpu,1776837600000,77240.865013
cpu,1776841200000,76914.969062
cpu,1776844800000,73195.878269
cpu,1776848400000,73078.184448
cpu,1776852000000,69660.040686
cpu,1776855600000,67826.27384
cpu,1776859200000,70009.29118
cpu,1776862800000,71413.782138
cpu,1776866400000,67891.626874
cpu,1776870000000,72084.808191
cpu,1776873600000,70212.433232
cpu,1776877200000,76030.238711
cpu,1776880800000,76407.666364
cpu,1776884400000,71451.253049
cpu,1776888000000,74120.448711
cpu,1776891600000,75106.235657
cpu,1776895200000,72959.481306
cpu,1776898800000,76147.582165
cpu,1776902400000,79316.919998
cpu,1776906000000,77745.521715
cpu,1776909600000,78347.629873
cpu,1776913200000,74324.274068
cpu,1776916800000,72912.819238
cpu,1776920400000,76260.324311
cpu,1776924000000,71934.269567
cpu,1776927600000,68390.289082
cpu,1776931200000,65733.74966
cpu,1776934800000,67271.609825
cpu,1776938400000,65744.979905
cpu,1776942000000,64040.108469
cpu,1776945600000,67856.700538
cpu,1776949200000,68365.409462
cpu,1776952800000,69632.669895
cpu,1776956400000,70784.600256
cpu,1776960000000,71044.590992
cpu,1776963600000,72025.034799
cpu,1776967200000,78226.281945
cpu,1776970800000,77729.241324
cpu,1776974400000,79102.216278
cpu,1776978000000,79237.14499
cpu,1776981600000,81116.794096
cpu,1776985200000,78730.636904
cpu,1776988800000,78304.734449
cpu,1776992400000,77998.551306
cpu,1776996000000,77586.6911
cpu,1776999600000,75896.318977
cpu,1777003200000,74626.346584
cpu,1777006800000,74939.066351
cpu,1777010400000,72194.76304
cpu,1777014000000,75280.384899
cpu,1777017600000,74359.352891
cpu,1777021200000,74902.34763
cpu,1777024800000,73900.725995
cpu,1777028400000,74290.411148
cpu,1777032000000,75172.787373
cpu,1777035600000,72931.84932
cpu,1777039200000,75528.062059
cpu,1777042800000,78386.077967
cpu,1777046400000,77822.23008
cpu,1777050000000,80776.709002
cpu,1777053600000,80831.602411
cpu,1777057200000,77451.984909
cpu,1777060800000,78546.215851
cpu,1777064400000,81026.360936
cpu,1777068000000,80591.60417
cpu,1777071600000,80804.814882
cpu,1777075200000,82661.903042
cpu,1777078800000,77795.857465
cpu,1777082400000,80078.796671
cpu,1777086000000,76502.316756
cpu,1777089600000,77093.670583
cpu,1777093200000,77600.922315
cpu,1777096800000,79422.548061
cpu,1777100400000,79574.546677
cpu,1777104000000,78594.753767
cpu,1777107600000,79082.437745
cpu,1777111200000,75336.473053
cpu,1777114800000,71264.065509
cpu,1777118400000,71559.495569
cpu,1777122000000,66138.393135
cpu,1777125600000,66676.810276
cpu,1777129200000,72327.063893
cpu,1777132800000,70399.514853
cpu,1777136400000,79248.793286
cpu,1777140000000,82300.551329
cpu,1777143600000,77054.403291
cpu,1777147200000,78724.204829
cpu,1777150800000,77415.964384
cpu,1777154400000,75870.660737
cpu,1777158000000,73218.396385
cpu,1777161600000,66783.702438
cpu,1777165200000,76874.540935
cpu,1777168800000,78848.401162
cpu,1777172400000,79237.412456
cpu,1777176000000,78727.27958
cpu,1777179600000,77250.331769
cpu,1777183200000,73734.595714
cpu,1777186800000,76106.242714
cpu,1777190400000,75956.070036
cpu,1777194000000,72227.036946
cpu,1777197600000,68651.021012
cpu,1777201200000,66728.076449
cpu,1777204800000,66081.158734
cpu,1777208400000,65550.385818
cpu,1777212000000,60704.292496
cpu,1777215600000,63014.269185
cpu,1777219200000,72125.629946
cpu,1777222800000,68193.666843
cpu,1777226400000,69680.505222
cpu,1777230000000,68832.247483
cpu,1777233600000,65501.478001
cpu,1777237200000,67005.875911
cpu,1777240800000,65060.756443
cpu,1777244400000,64121.696932
cpu,1777248000000,65509.200013
gpu,1772409600000,103815.43803399999
gpu,1772413200000,100146.64330799997
gpu,1772416800000,88233.201463
gpu,1772420400000,108213.23361399997
gpu,1772424000000,108569.03685900001
gpu,1772427600000,110852.74765499998
gpu,1772431200000,84194.191282
gpu,1772434800000,89283.54831000001
gpu,1772438400000,100319.935992
gpu,1772442000000,96043.07365099997
gpu,1772445600000,97713.474248
gpu,1772449200000,98989.69842699997
gpu,1772452800000,94649.32421399998
gpu,1772456400000,101278.09961000003
gpu,1772460000000,99751.50085700004
gpu,1772463600000,92117.33505399997
gpu,1772467200000,86658.43588000005
gpu,1772470800000,94941.04017099999
gpu,1772474400000,98565.89691299996
gpu,1772478000000,104422.84611
gpu,1772481600000,104983.34574
gpu,1772485200000,100956.864343
gpu,1772488800000,102718.99726599998
gpu,1772492400000,100685.721109
gpu,1772496000000,101678.865689
gpu,1772499600000,104429.11334999994
gpu,1772503200000,110052.84288200004
gpu,1772506800000,99894.92649799994
gpu,1772510400000,102884.08507799999
gpu,1772514000000,99982.55428099999
gpu,1772517600000,106333.79175699996
gpu,1772521200000,106592.25442900001
gpu,1772524800000,102691.81701399999
gpu,1772528400000,97799.36024800001
gpu,1772532000000,100264.09694899998
gpu,1772535600000,99233.63791399999
gpu,1772539200000,105760.88115899997
gpu,1772542800000,91401.94254999998
gpu,1772546400000,96354.22047399996
gpu,1772550000000,79878.67486299998
gpu,1772553600000,91525.913492
gpu,1772557200000,92055.956407
gpu,1772560800000,96676.28759099997
gpu,1772564400000,105683.45602999999
gpu,1772568000000,103213.38064399995
gpu,1772571600000,103791.30894400002
gpu,1772575200000,100556.02826500003
gpu,1772578800000,94561.94083999997
gpu,1772582400000,89583.362141
gpu,1772586000000,95407.91689699994
gpu,1772589600000,83520.57997500003
gpu,1772593200000,95260.823156
gpu,1772596800000,98784.28850299997
gpu,1772600400000,104952.52512500004
gpu,1772604000000,105156.71115699998
gpu,1772607600000,108485.19917599998
gpu,1772611200000,96791.68314099997
gpu,1772614800000,109962.52375800002
gpu,1772618400000,110037.96774700006
gpu,1772622000000,107461.87044299999
gpu,1772625600000,100730.06467800002
gpu,1772629200000,100796.89668399999
gpu,1772632800000,82094.85411000003
gpu,1772636400000,98272.68645400002
gpu,1772640000000,102069.306322
gpu,1772643600000,98141.14514599998
gpu,1772647200000,98674.753658
gpu,1772650800000,99419.67987400001
gpu,1772654400000,102745.49537299994
gpu,1772658000000,100286.74579100004
gpu,1772661600000,97481.77099500006
gpu,1772665200000,93995.89254599994
gpu,1772668800000,87950.63877399996
gpu,1772672400000,85949.22304600001
gpu,1772676000000,91496.28012099999
gpu,1772679600000,93664.84459499997
gpu,1772683200000,86341.48915300002
gpu,1772686800000,90382.23315500001
gpu,1772690400000,84310.03114200002
gpu,1772694000000,91253.70216300002
gpu,1772697600000,89767.09465999996
gpu,1772701200000,89828.90525600003
gpu,1772704800000,87249.363548
gpu,1772708400000,96175.922538
gpu,1772712000000,85503.77182600005
gpu,1772715600000,91807.15482000008
gpu,1772719200000,85453.79906799996
gpu,1772722800000,93615.36213999998
gpu,1772726400000,93625.05281300002
gpu,1772730000000,95946.81025699999
gpu,1772733600000,96805.844922
gpu,1772737200000,96600.32070399998
gpu,1772740800000,96286.26277899998
gpu,1772744400000,92400.704034
gpu,1772748000000,90559.44599199996
gpu,1772751600000,97024.91280899997
gpu,1772755200000,92273.31917200002
gpu,1772758800000,86816.73488099998
gpu,1772762400000,94584.01518800003
gpu,1772766000000,93432.946473
gpu,1772769600000,106431.19481099998
gpu,1772773200000,98091.03358999999
gpu,1772776800000,102154.26458500006
gpu,1772780400000,111105.96207199997
gpu,1772784000000,82649.13310599996
gpu,1772787600000,90912.00330300006
gpu,1772791200000,97446.33428500002
gpu,1772794800000,101031.95600399998
gpu,1772798400000,93494.87665000002
gpu,1772802000000,99115.811885
gpu,1772805600000,94206.56239299997
gpu,1772809200000,99476.36009900001
gpu,1772812800000,89519.71151000001
gpu,1772816400000,97236.03418599995
gpu,1772820000000,89840.00859599997
gpu,1772823600000,93651.71766800001
gpu,1772827200000,101121.54677999999
gpu,1772830800000,98746.94863000003
gpu,1772834400000,93565.74130899995
gpu,1772838000000,94773.43486999998
gpu,1772841600000,91943.79790699999
gpu,1772845200000,98632.86741599995
gpu,1772848800000,102557.24115899997
gpu,1772852400000,99259.80318800005
gpu,1772856000000,101345.864724
gpu,1772859600000,103390.028653
gpu,1772863200000,101179.50390699999
gpu,1772866800000,76383.96623500001
gpu,1772870400000,95429.83260200001
gpu,1772874000000,90028.12448799999
gpu,1772877600000,90689.54113200001
gpu,1772881200000,75110.33001000002
gpu,1772884800000,84352.59361899999
gpu,1772888400000,80456.98245899998
gpu,1772892000000,88647.14477599999
gpu,1772895600000,92067.516806
gpu,1772899200000,88554.51629600002
gpu,1772902800000,92702.15710999999
gpu,1772906400000,85773.95375799999
gpu,1772910000000,91058.435008
gpu,1772913600000,90519.10652000002
gpu,1772917200000,87085.35114800002
gpu,1772920800000,100263.10280300005
gpu,1772924400000,92883.030794
gpu,1772928000000,96220.15049699998
gpu,1772931600000,93203.135774
gpu,1772935200000,88132.55267000002
gpu,1772938800000,85098.97445400001
gpu,1772942400000,93199.53959799996
gpu,1772946000000,96990.66543099997
gpu,1772949600000,96779.71532700001
gpu,1772953200000,92248.67301
gpu,1772956800000,95183.909588
gpu,1772960400000,81984.55742699996
gpu,1772964000000,87252.521477
gpu,1772967600000,85936.35672900002
gpu,1772971200000,87271.997865
gpu,1772974800000,80839.047415
gpu,1772978400000,85663.776178
gpu,1772982000000,92652.06147399997
gpu,1772985600000,93432.02561699998
gpu,1772989200000,89332.94242799995
gpu,1772992800000,88752.10903000002
gpu,1772996400000,89655.79277699997
gpu,1773000000000,77831.44763099999
gpu,1773003600000,95900.04029199999
gpu,1773007200000,98826.79498700002
gpu,1773010800000,97876.45698400002
gpu,1773014400000,104261.70267100002
gpu,1773018000000,107073.71296300003
gpu,1773021600000,105520.24056399998
gpu,1773025200000,100225.56026600001
gpu,1773028800000,108247.46308599997
gpu,1773032400000,103562.06714699997
gpu,1773036000000,108004.68545800002
gpu,1773039600000,100979.98461399996
gpu,1773043200000,99576.980229
gpu,1773046800000,107468.937931
gpu,1773050400000,95644.23757999997
gpu,1773054000000,92776.31499600002
gpu,1773057600000,97068.572845
gpu,1773061200000,100869.02080800002
gpu,1773064800000,89864.34218699999
gpu,1773068400000,95344.56479599999
gpu,1773072000000,96109.56696799998
gpu,1773075600000,107068.64680799996
gpu,1773079200000,101605.30867000001
gpu,1773082800000,112674.309122
gpu,1773086400000,102101.12344600001
gpu,1773090000000,101470.19456299997
gpu,1773093600000,99203.21332099996
gpu,1773097200000,101178.22873599999
gpu,1773100800000,101191.98568600001
gpu,1773104400000,97217.53161799998
gpu,1773108000000,102975.57426700002
gpu,1773111600000,106939.673352
gpu,1773115200000,108563.29668500002
gpu,1773118800000,106438.89286300002
gpu,1773122400000,109892.46660400002
gpu,1773126000000,116540.99678799999
gpu,1773129600000,109017.68275199998
gpu,1773133200000,105969.60004999996
gpu,1773136800000,100270.348411
gpu,1773140400000,97032.287281
gpu,1773144000000,95006.76899000001
gpu,1773147600000,100525.53986400003
gpu,1773151200000,102861.555751
gpu,1773154800000,106057.48147000001
gpu,1773158400000,107035.47640399999
gpu,1773162000000,103477.46463199997
gpu,1773165600000,108459.03741200003
gpu,1773169200000,127063.053786
gpu,1773172800000,123449.46127900005
gpu,1773176400000,118972.40370399998
gpu,1773180000000,129672.35688700002
gpu,1773183600000,135111.858019
gpu,1773187200000,119060.04236900003
gpu,1773190800000,121179.87366499999
gpu,1773194400000,129040.62514100006
gpu,1773198000000,127041.26864499997
gpu,1773201600000,124330.39271400002
gpu,1773205200000,128346.22638899997
gpu,1773208800000,121192.35353699999
gpu,1773212400000,131800.534399
gpu,1773216000000,131095.91530500006
gpu,1773219600000,132681.446083
gpu,1773223200000,124728.03102100003
gpu,1773226800000,127928.88723799997
gpu,1773230400000,130350.18441
gpu,1773234000000,120689.82326599993
gpu,1773237600000,125212.09089400001
gpu,1773241200000,115751.70840100003
gpu,1773244800000,108801.57655899995
gpu,1773248400000,123476.01455199995
gpu,1773252000000,119754.06793900003
gpu,1773255600000,140190.3879639999
gpu,1773259200000,141913.21736399995
gpu,1773262800000,125392.124409
gpu,1773266400000,142028.31895800002
gpu,1773270000000,147148.31035199994
gpu,1773273600000,132963.09738700002
gpu,1773277200000,138081.18677500004
gpu,1773280800000,134778.24274600003
gpu,1773284400000,141629.41471199997
gpu,1773288000000,129939.25641399997
gpu,1773291600000,120332.05117400005
gpu,1773295200000,135826.59828100004
gpu,1773298800000,128104.969196
gpu,1773302400000,118613.68465999998
gpu,1773306000000,124582.83367000005
gpu,1773309600000,116536.508699
gpu,1773313200000,114822.75040799996
gpu,1773316800000,115392.163333
gpu,1773320400000,112440.75078299998
gpu,1773324000000,101667.85021899994
gpu,1773327600000,110092.319244
gpu,1773331200000,123492.64057399999
gpu,1773334800000,107695.39372700002
gpu,1773338400000,116876.31454800005
gpu,1773342000000,112564.703309
gpu,1773345600000,125833.55539300002
gpu,1773349200000,124288.23768500001
gpu,1773352800000,106848.41601799997
gpu,1773356400000,119016.64061600006
gpu,1773360000000,117133.901356
gpu,1773363600000,114879.25230200004
gpu,1773367200000,110654.08249500005
gpu,1773370800000,113018.190896
gpu,1773374400000,102446.84609999998
gpu,1773378000000,104856.47267199993
gpu,1773381600000,101931.94561099999
gpu,1773385200000,101601.34241300002
gpu,1773388800000,104347.91120899997
gpu,1773392400000,94642.91774299998
gpu,1773396000000,101138.28847700001
gpu,1773399600000,99224.71911699996
gpu,1773403200000,103334.70242699998
gpu,1773406800000,98311.221615
gpu,1773410400000,111838.09275900002
gpu,1773414000000,95816.36963499995
gpu,1773417600000,88321.54719800001
gpu,1773421200000,108734.09612300002
gpu,1773424800000,92899.55673599997
gpu,1773428400000,108948.53304899998
gpu,1773432000000,110179.16987100002
gpu,1773435600000,110040.123554
gpu,1773439200000,104841.25102199998
gpu,1773442800000,109020.69019800001
gpu,1773446400000,118165.555697
gpu,1773450000000,122402.89396300004
gpu,1773453600000,120252.04729500001
gpu,1773457200000,112653.78798500002
gpu,1773460800000,116306.56141600003
gpu,1773464400000,104874.90549199999
gpu,1773468000000,107365.90483900001
gpu,1773471600000,107523.641084
gpu,1773475200000,110557.52974999994
gpu,1773478800000,96524.67414500001
gpu,1773482400000,103817.37254400001
gpu,1773486000000,98500.793217
gpu,1773489600000,103842.60601100001
gpu,1773493200000,106048.78874499998
gpu,1773496800000,103007.49056599998
gpu,1773500400000,101341.17657200001
gpu,1773504000000,100878.05420000003
gpu,1773507600000,120860.698603
gpu,1773511200000,111831.93477200001
gpu,1773514800000,109409.00730400001
gpu,1773518400000,102475.115153
gpu,1773522000000,107212.09553100001
gpu,1773525600000,103416.27981800001
gpu,1773529200000,109387.096592
gpu,1773532800000,106503.86806899997
gpu,1773536400000,93141.64970999997
gpu,1773540000000,107628.19751700001
gpu,1773543600000,112981.27700300002
gpu,1773547200000,117177.149104
gpu,1773550800000,106023.962862
gpu,1773554400000,100094.34667100002
gpu,1773558000000,96718.204885
gpu,1773561600000,100841.42860499994
gpu,1773565200000,98849.19771200001
gpu,1773568800000,101382.56052800002
gpu,1773572400000,96792.63159700001
gpu,1773576000000,98863.40608700002
gpu,1773579600000,96511.95348000004
gpu,1773583200000,112962.59031199996
gpu,1773586800000,111872.87497099998
gpu,1773590400000,103749.04776000002
gpu,1773594000000,114931.03021299998
gpu,1773597600000,112039.42735
gpu,1773601200000,120978.83910300003
gpu,1773604800000,112249.502083
gpu,1773608400000,112981.65648399996
gpu,1773612000000,116313.71190600003
gpu,1773615600000,122223.988223
gpu,1773619200000,122809.64081200004
gpu,1773622800000,108265.51097199997
gpu,1773626400000,124045.22699399998
gpu,1773630000000,122325.009411
gpu,1773633600000,129682.13342099999
gpu,1773637200000,120502.37407299998
gpu,1773640800000,119352.97504199996
gpu,1773644400000,131503.174508
gpu,1773648000000,126626.37916700004
gpu,1773651600000,116107.67493100007
gpu,1773655200000,120786.58980700001
gpu,1773658800000,120989.56718999997
gpu,1773662400000,99305.22762900003
gpu,1773666000000,96005.19135199998
gpu,1773669600000,114375.23123200003
gpu,1773673200000,121358.4705300001
gpu,1773676800000,114801.67865599997
gpu,1773680400000,121160.69377800003
gpu,1773684000000,125589.33038300002
gpu,1773687600000,118917.429313
gpu,1773691200000,130063.60659400001
gpu,1773694800000,125053.01024199995
gpu,1773698400000,127328.11052700001
gpu,1773702000000,139598.45154900008
gpu,1773705600000,127803.51272900001
gpu,1773709200000,138294.83137299994
gpu,1773712800000,127113.38047599999
gpu,1773716400000,127774.12912799996
gpu,1773720000000,104517.07911099997
gpu,1773723600000,122666.91733600001
gpu,1773727200000,114318.63495099997
gpu,1773730800000,105838.84214399997
gpu,1773734400000,122251.17515400003
gpu,1773738000000,116611.67226199996
gpu,1773741600000,112643.52877700003
gpu,1773745200000,115521.47871700002
gpu,1773748800000,114454.80431800001
gpu,1773752400000,109600.79374800001
gpu,1773756000000,111996.924239
gpu,1773759600000,107000.926355
gpu,1773763200000,117716.23046499999
gpu,1773766800000,127043.59053999999
gpu,1773770400000,120461.26269200005
gpu,1773774000000,120897.19003999996
gpu,1773777600000,116525.056917
gpu,1773781200000,118348.698296
gpu,1773784800000,121897.70133500003
gpu,1773788400000,130503.404696
gpu,1773792000000,123560.72839700001
gpu,1773795600000,135548.89680100002
gpu,1773799200000,124817.715448
gpu,1773802800000,118825.305721
gpu,1773806400000,122058.65596100003
gpu,1773810000000,116322.41863100001
gpu,1773813600000,121350.51256600003
gpu,1773817200000,117662.22255399998
gpu,1773820800000,111042.63942900002
gpu,1773824400000,111658.18119699998
gpu,1773828000000,103194.71117099996
gpu,1773831600000,105389.77353599998
gpu,1773835200000,102390.25602099996
gpu,1773838800000,101552.19940799999
gpu,1773842400000,108205.63819299999
gpu,1773846000000,100924.45024100001
gpu,1773849600000,107787.538347
gpu,1773853200000,111792.15337899998
gpu,1773856800000,123449.90630899998
gpu,1773860400000,121155.09742600004
gpu,1773864000000,105826.94324699999
gpu,1773867600000,117968.25400899998
gpu,1773871200000,109038.07947800001
gpu,1773874800000,115132.10692100003
gpu,1773878400000,112967.01862600003
gpu,1773882000000,108719.67664499999
gpu,1773885600000,125465.57342000003
gpu,1773889200000,124206.43729900003
gpu,1773892800000,120788.803164
gpu,1773896400000,126368.36985600002
gpu,1773900000000,122310.70042799998
gpu,1773903600000,122796.17174199999
gpu,1773907200000,114288.42043599997
gpu,1773910800000,121528.662564
gpu,1773914400000,117851.01828200002
gpu,1773918000000,113356.69757399996
gpu,1773921600000,119236.778511
gpu,1773925200000,116976.646123
gpu,1773928800000,113156.10078400002
gpu,1773932400000,118990.36560900004
gpu,1773936000000,122136.55699899996
gpu,1773939600000,123291.39635099997
gpu,1773943200000,113242.27902099998
gpu,1773946800000,125722.60273700005
gpu,1773950400000,121083.23186400006
gpu,1773954000000,124490.35133800001
gpu,1773957600000,110115.19717000004
gpu,1773961200000,127631.974635
gpu,1773964800000,133271.47474300003
gpu,1773968400000,125130.92998000002
gpu,1773972000000,128587.106321
gpu,1773975600000,129138.44939100002
gpu,1773979200000,111785.81477399998
gpu,1773982800000,122671.85967999998
gpu,1773986400000,122212.24335900003
gpu,1773990000000,125771.82665899998
gpu,1773993600000,122939.74362999997
gpu,1773997200000,119300.54437000005
gpu,1774000800000,120764.157676
gpu,1774004400000,114869.41204299997
gpu,1774008000000,121955.95227099997
gpu,1774011600000,114819.73884
gpu,1774015200000,114996.78128899998
gpu,1774018800000,123122.479575
gpu,1774022400000,110822.14866200004
gpu,1774026000000,113844.740205
gpu,1774029600000,123510.747961
gpu,1774033200000,112432.77236699998
gpu,1774036800000,117260.52802299999
gpu,1774040400000,121662.639058
gpu,1774044000000,116476.82600400002
gpu,1774047600000,105604.73841300001
gpu,1774051200000,122180.29995899998
gpu,1774054800000,109320.10720100002
gpu,1774058400000,121048.96834700005
gpu,1774062000000,116086.66962900001
gpu,1774065600000,112994.50183400004
gpu,1774069200000,115838.222504
gpu,1774072800000,101464.27668599998
gpu,1774076400000,112505.65935299994
gpu,1774080000000,89957.41580200005
gpu,1774083600000,116507.73584000001
gpu,1774087200000,108511.159864
gpu,1774090800000,107813.52930200001
gpu,1774094400000,102786.891684
gpu,1774098000000,110187.63872499997
gpu,1774101600000,111146.02663099999
gpu,1774105200000,107819.324003
gpu,1774108800000,105426.32219099998
gpu,1774112400000,110869.43274600002
gpu,1774116000000,106917.02620200004
gpu,1774119600000,103072.51595300002
gpu,1774123200000,108932.207154
gpu,1774126800000,115045.34837799997
gpu,1774130400000,94811.80613200003
gpu,1774134000000,110330.68785
gpu,1774137600000,106400.36497100005
gpu,1774141200000,108755.09838599998
gpu,1774144800000,105795.00279100004
gpu,1774148400000,102467.276105
gpu,1774152000000,111182.28818800004
gpu,1774155600000,113872.70287799998
gpu,1774159200000,110116.84498799995
gpu,1774162800000,104135.251949
gpu,1774166400000,103984.27391200005
gpu,1774170000000,115421.36870399995
gpu,1774173600000,108017.02949500001
gpu,1774177200000,106211.92091200002
gpu,1774180800000,107377.033871
gpu,1774184400000,101643.101978
gpu,1774188000000,90969.75885500002
gpu,1774191600000,111984.28390599997
gpu,1774195200000,108664.84851499995
gpu,1774198800000,106020.09961699999
gpu,1774202400000,94468.141403
gpu,1774206000000,113400.42329500002
gpu,1774209600000,101302.35943999996
gpu,1774213200000,97333.035405
gpu,1774216800000,105964.20690000003
gpu,1774220400000,106953.21470900002
gpu,1774224000000,115285.15569
gpu,1774227600000,90047.09939500003
gpu,1774231200000,112951.628691
gpu,1774234800000,115378.49427699998
gpu,1774238400000,108573.16572
gpu,1774242000000,109382.15217199997
gpu,1774245600000,108997.644238
gpu,1774249200000,97827.21584899997
gpu,1774252800000,104546.00991100002
gpu,1774256400000,109414.26291700001
gpu,1774260000000,106011.564715
gpu,1774263600000,104345.75233600002
gpu,1774267200000,112815.749155
gpu,1774270800000,114478.163975
gpu,1774274400000,110225.895377
gpu,1774278000000,109949.73702500001
gpu,1774281600000,112654.77673400006
gpu,1774285200000,114942.01954500008
gpu,1774288800000,114377.84052399997
gpu,1774292400000,112268.48514700001
gpu,1774296000000,116981.08203800004
gpu,1774299600000,110990.515279
gpu,1774303200000,122753.41881300003
gpu,1774306800000,121222.61762700001
gpu,1774310400000,125176.79726200002
gpu,1774314000000,122121.65723100005
gpu,1774317600000,113349.41567
gpu,1774321200000,124514.46664800003
gpu,1774324800000,122548.08054399998
gpu,1774328400000,121920.70940100003
gpu,1774332000000,125330.24428899994
gpu,1774335600000,117523.710773
gpu,1774339200000,123304.60132100002
gpu,1774342800000,112561.137355
gpu,1774346400000,117418.75813700004
gpu,1774350000000,121651.25558399997
gpu,1774353600000,115966.68819200002
gpu,1774357200000,124363.046664
gpu,1774360800000,122875.39418899998
gpu,1774364400000,124648.94729899999
gpu,1774368000000,118788.40254300002
gpu,1774371600000,127063.178718
gpu,1774375200000,123327.70397499998
gpu,1774378800000,126329.494756
gpu,1774382400000,119453.65008699997
gpu,1774386000000,110424.36447999993
gpu,1774389600000,122541.840126
gpu,1774393200000,125026.31021199998
gpu,1774396800000,128532.28126099995
gpu,1774400400000,129439.92451000003
gpu,1774404000000,122066.37094200005
gpu,1774407600000,129974.27722599998
gpu,1774411200000,131705.372705
gpu,1774414800000,120834.80575200004
gpu,1774418400000,125959.9607249999
gpu,1774422000000,127388.253098
gpu,1774425600000,123875.76703699997
gpu,1774429200000,123303.809117
gpu,1774432800000,126804.03366700001
gpu,1774436400000,111144.16868800002
gpu,1774440000000,112315.734935
gpu,1774443600000,119911.47189900001
gpu,1774447200000,107832.39968100002
gpu,1774450800000,123493.05929400002
gpu,1774454400000,115927.79455400004
gpu,1774458000000,131033.39286500003
gpu,1774461600000,118176.73776499995
gpu,1774465200000,117163.39876000007
gpu,1774468800000,123118.28054499996
gpu,1774472400000,126911.64039100005
gpu,1774476000000,130360.77947099993
gpu,1774479600000,126793.62991999999
gpu,1774483200000,128635.164688
gpu,1774486800000,126658.28002300003
gpu,1774490400000,124340.64889300002
gpu,1774494000000,107680.60975700003
gpu,1774497600000,129984.54041799998
gpu,1774501200000,131302.905072
gpu,1774504800000,110634.295396
gpu,1774508400000,124826.94408400002
gpu,1774512000000,115949.88253900003
gpu,1774515600000,124627.84418700001
gpu,1774519200000,123444.04300899999
gpu,1774522800000,111587.58470999995
gpu,1774526400000,113178.30787200005
gpu,1774530000000,123213.62233599996
gpu,1774533600000,120927.05454199995
gpu,1774537200000,118960.62197200005
gpu,1774540800000,129523.09187499997
gpu,1774544400000,134667.32073500004
gpu,1774548000000,134150.56901100004
gpu,1774551600000,131661.68606299997
gpu,1774555200000,131225.850843
gpu,1774558800000,124036.06159000001
gpu,1774562400000,133747.97477500004
gpu,1774566000000,124668.94012999994
gpu,1774569600000,121841.51518899997
gpu,1774573200000,120848.74070600001
gpu,1774576800000,124410.266402
gpu,1774580400000,128257.60796999998
gpu,1774584000000,137246.887595
gpu,1774587600000,119442.73617499995
gpu,1774591200000,124758.79262199996
gpu,1774594800000,121940.73376100001
gpu,1774598400000,112079.84921000001
gpu,1774602000000,121717.13630300004
gpu,1774605600000,119101.57022800004
gpu,1774609200000,112714.87001000003
gpu,1774612800000,116075.990833
gpu,1774616400000,109445.41143400002
gpu,1774620000000,119281.633852
gpu,1774623600000,116991.98587799999
gpu,1774627200000,118056.38573299997
gpu,1774630800000,122239.39415300002
gpu,1774634400000,121242.99542700003
gpu,1774638000000,118884.25401099997
gpu,1774641600000,117323.011343
gpu,1774645200000,128280.098767
gpu,1774648800000,128391.23474700002
gpu,1774652400000,128776.447832
gpu,1774656000000,128071.69054400001
gpu,1774659600000,134984.49762700003
gpu,1774663200000,141164.26955800006
gpu,1774666800000,126358.52328400002
gpu,1774670400000,129600.10891599995
gpu,1774674000000,131162.344938
gpu,1774677600000,133357.65644700002
gpu,1774681200000,119746.19985300004
gpu,1774684800000,119423.22234699996
gpu,1774688400000,120237.57675800005
gpu,1774692000000,109522.81676599999
gpu,1774695600000,110422.509787
gpu,1774699200000,113698.15104799999
gpu,1774702800000,114884.59344400007
gpu,1774706400000,102999.551617
gpu,1774710000000,96136.47439399996
gpu,1774713600000,112261.62153800004
gpu,1774717200000,122891.31543600002
gpu,1774720800000,117954.72554800002
gpu,1774724400000,115515.82527900003
gpu,1774728000000,115505.695286
gpu,1774731600000,113846.01605299998
gpu,1774735200000,104513.98497099997
gpu,1774738800000,105347.35707000001
gpu,1774742400000,111040.37377899997
gpu,1774746000000,108962.92619100006
gpu,1774749600000,114263.32470300003
gpu,1774753200000,103374.98627499997
gpu,1774756800000,110260.48863899999
gpu,1774760400000,111288.45433500009
gpu,1774764000000,110519.662652
gpu,1774767600000,107948.48125999999
gpu,1774771200000,112963.93260799997
gpu,1774774800000,102615.35984600002
gpu,1774778400000,98608.68111000003
gpu,1774782000000,103669.29913399999
gpu,1774785600000,107041.64562800003
gpu,1774789200000,109166.33978900006
gpu,1774792800000,106947.02898800002
gpu,1774796400000,110050.89673999997
gpu,1774800000000,112324.91900200001
gpu,1774803600000,94010.06302799998
gpu,1774807200000,98879.59688399998
gpu,1774810800000,105092.48912600003
gpu,1774814400000,104850.79572999997
gpu,1774818000000,110337.12348100002
gpu,1774821600000,99227.08070200004
gpu,1774825200000,105429.92485600003
gpu,1774828800000,93440.63258700001
gpu,1774832400000,108233.40173200004
gpu,1774836000000,107930.13434399999
gpu,1774839600000,103405.44047499997
gpu,1774843200000,106707.60471099998
gpu,1774846800000,110725.52644199997
gpu,1774850400000,100498.75707600002
gpu,1774854000000,108357.12433799997
gpu,1774857600000,113452.063278
gpu,1774861200000,106765.36026199994
gpu,1774864800000,112590.72548300007
gpu,1774868400000,110681.30802600004
gpu,1774872000000,103445.41126
gpu,1774875600000,113866.04681600003
gpu,1774879200000,122674.77700500001
gpu,1774882800000,117609.65892400002
gpu,1774886400000,122608.36846299995
gpu,1774890000000,123409.35509600004
gpu,1774893600000,117182.48526200002
gpu,1774897200000,117422.357966
gpu,1774900800000,124990.62423600003
gpu,1774904400000,121856.351622
gpu,1774908000000,113633.73258399998
gpu,1774911600000,122602.97506600001
gpu,1774915200000,125299.61993200003
gpu,1774918800000,119649.1409
gpu,1774922400000,120071.57431099999
gpu,1774926000000,127591.91710399995
gpu,1774929600000,125190.72998199998
gpu,1774933200000,120705.10359599999
gpu,1774936800000,120161.47885300002
gpu,1774940400000,130925.90646399999
gpu,1774944000000,124077.132389
gpu,1774947600000,118161.89475699997
gpu,1774951200000,126168.82444699998
gpu,1774954800000,111625.90137299997
gpu,1774958400000,117113.80936600003
gpu,1774962000000,122290.864579
gpu,1774965600000,126449.02078699993
gpu,1774969200000,122470.71377500003
gpu,1774972800000,116628.167487
gpu,1774976400000,107444.02658300001
gpu,1774980000000,139237.53495199993
gpu,1774983600000,133958.21437700003
gpu,1774987200000,134935.14915099996
gpu,1774990800000,132957.576727
gpu,1774994400000,133208.476951
gpu,1774998000000,138016.74710100004
gpu,1775001600000,138015.79299599997
gpu,1775005200000,142346.6411760001
gpu,1775008800000,141009.70266600003
gpu,1775012400000,138000.30902699992
gpu,1775016000000,137288.753397
gpu,1775019600000,130313.820232
gpu,1775023200000,138844.14281099997
gpu,1775026800000,127228.30137599997
gpu,1775030400000,117357.16488499999
gpu,1775034000000,131179.63523900005
gpu,1775037600000,133859.51623500008
gpu,1775041200000,133295.17504699997
gpu,1775044800000,131814.65269099997
gpu,1775048400000,133915.54038499997
gpu,1775052000000,131386.22855700005
gpu,1775055600000,135461.62184999994
gpu,1775059200000,144318.07634599996
gpu,1775062800000,142399.17149200002
gpu,1775066400000,129590.00894199997
gpu,1775070000000,136244.31829400006
gpu,1775073600000,147066.489375
gpu,1775077200000,129957.69957999999
gpu,1775080800000,136296.741523
gpu,1775084400000,132792.28465799996
gpu,1775088000000,137458.964585
gpu,1775091600000,138216.12734900005
gpu,1775095200000,131105.22210400004
gpu,1775098800000,140973.32716499997
gpu,1775102400000,143522.942917
gpu,1775106000000,135732.574134
gpu,1775109600000,149719.98188700006
gpu,1775113200000,141004.359075
gpu,1775116800000,140224.333588
gpu,1775120400000,127489.59502499999
gpu,1775124000000,124028.85937500001
gpu,1775127600000,115489.490413
gpu,1775131200000,117301.595309
gpu,1775134800000,108182.14434600002
gpu,1775138400000,113980.35518800003
gpu,1775142000000,125681.06625000002
gpu,1775145600000,130946.198032
gpu,1775149200000,122603.86894000001
gpu,1775152800000,133809.05863299998
gpu,1775156400000,131184.522853
gpu,1775160000000,119662.69927400004
gpu,1775163600000,116265.49984499997
gpu,1775167200000,120372.35983799997
gpu,1775170800000,114147.67099699996
gpu,1775174400000,113756.67788300001
gpu,1775178000000,124619.225615
gpu,1775181600000,128502.53540800004
gpu,1775185200000,127082.42682700003
gpu,1775188800000,118809.679384
gpu,1775192400000,124105.40086700002
gpu,1775196000000,120913.015929
gpu,1775199600000,115522.42011699999
gpu,1775203200000,122243.17492900002
gpu,1775206800000,120881.82145700001
gpu,1775210400000,121182.56060800001
gpu,1775214000000,116820.32880800002
gpu,1775217600000,116600.79343899996
gpu,1775221200000,117350.17527500002
gpu,1775224800000,114840.28951299997
gpu,1775228400000,118958.51856399998
gpu,1775232000000,121240.34026699995
gpu,1775235600000,117776.82453099999
gpu,1775239200000,119387.97663699997
gpu,1775242800000,114200.474678
gpu,1775246400000,106097.73594500007
gpu,1775250000000,115582.78247499997
gpu,1775253600000,121393.51934499994
gpu,1775257200000,116369.04472600001
gpu,1775260800000,113252.45208199996
gpu,1775264400000,120923.24743199999
gpu,1775268000000,113643.24119399997
gpu,1775271600000,116280.26409299998
gpu,1775275200000,116168.11877500004
gpu,1775278800000,119413.14162499997
gpu,1775282400000,122452.51506800005
gpu,1775286000000,120169.46704599998
gpu,1775289600000,112488.87111500005
gpu,1775293200000,108373.41966499995
gpu,1775296800000,112684.532115
gpu,1775300400000,110756.928248
gpu,1775304000000,109603.42374900005
gpu,1775307600000,108188.124106
gpu,1775311200000,106477.50387999999
gpu,1775314800000,110846.84947299997
gpu,1775318400000,114950.45185999999
gpu,1775322000000,121350.28134999998
gpu,1775325600000,116373.135527
gpu,1775329200000,110100.95722299998
gpu,1775332800000,117075.64967399999
gpu,1775336400000,114293.31639200001
gpu,1775340000000,116961.18469600001
gpu,1775343600000,109824.65694500002
gpu,1775347200000,112218.03521599999
gpu,1775350800000,111475.04732000004
gpu,1775354400000,112321.13715700002
gpu,1775358000000,106583.43106199999
gpu,1775361600000,114886.33874900002
gpu,1775365200000,114147.82564700003
gpu,1775368800000,103427.69419200001
gpu,1775372400000,110432.903921
gpu,1775376000000,105707.647329
gpu,1775379600000,109402.009778
gpu,1775383200000,108047.19649300001
gpu,1775386800000,113212.76922500001
gpu,1775390400000,99650.80822999998
gpu,1775394000000,102949.80683900001
gpu,1775397600000,102623.82953
gpu,1775401200000,105954.16432599997
gpu,1775404800000,101964.55332999998
gpu,1775408400000,111599.7321560001
gpu,1775412000000,99095.50137000001
gpu,1775415600000,104177.93627700002
gpu,1775419200000,108728.42574500002
gpu,1775422800000,117632.52890100007
gpu,1775426400000,115230.942025
gpu,1775430000000,110438.79368499997
gpu,1775433600000,108404.79792400004
gpu,1775437200000,109954.45857400003
gpu,1775440800000,107855.164032
gpu,1775444400000,113951.02115399996
gpu,1775448000000,111383.96513599997
gpu,1775451600000,113963.15772699997
gpu,1775455200000,113416.10336200004
gpu,1775458800000,117448.16537999999
gpu,1775462400000,114852.97385699998
gpu,1775466000000,115715.85177100002
gpu,1775469600000,107672.75034699998
gpu,1775473200000,118029.48448200001
gpu,1775476800000,117620.78572799999
gpu,1775480400000,133113.15037900003
gpu,1775484000000,127335.057554
gpu,1775487600000,138202.46639000002
gpu,1775491200000,128330.42560099998
gpu,1775494800000,130041.671321
gpu,1775498400000,121749.62330900002
gpu,1775502000000,132920.55895700006
gpu,1775505600000,132520.151426
gpu,1775509200000,137218.43585499996
gpu,1775512800000,122954.39124299999
gpu,1775516400000,127035.39310000002
gpu,1775520000000,112934.95614599997
gpu,1775523600000,128758.19873500004
gpu,1775527200000,121839.43796500005
gpu,1775530800000,121219.16907399998
gpu,1775534400000,115320.18984499997
gpu,1775538000000,115337.45020600002
gpu,1775541600000,108775.67782699998
gpu,1775545200000,119979.622434
gpu,1775548800000,116716.31302900003
gpu,1775552400000,115071.06739599998
gpu,1775556000000,118446.068083
gpu,1775559600000,105806.08179800001
gpu,1775563200000,94977.19321300002
gpu,1775566800000,103384.82144800006
gpu,1775570400000,91810.10759500001
gpu,1775574000000,113042.82303499996
gpu,1775577600000,116927.07829100003
gpu,1775581200000,116579.98850300004
gpu,1775584800000,129410.00417700007
gpu,1775588400000,123976.64271700002
gpu,1775592000000,126220.88495499997
gpu,1775595600000,126964.007086
gpu,1775599200000,117340.85859499998
gpu,1775602800000,126774.52374199992
gpu,1775606400000,120699.77500500002
gpu,1775610000000,119034.46628800004
gpu,1775613600000,125425.03968399999
gpu,1775617200000,121938.84673699997
gpu,1775620800000,122547.679869
gpu,1775624400000,106977.50270700002
gpu,1775628000000,121138.54404699999
gpu,1775631600000,116447.97651600001
gpu,1775635200000,114948.851054
gpu,1775638800000,119147.10618499994
gpu,1775642400000,117110.77793100005
gpu,1775646000000,105444.22407500006
gpu,1775649600000,100634.16760000002
gpu,1775653200000,103392.12218899997
gpu,1775656800000,92054.29998799998
gpu,1775660400000,117709.23734900003
gpu,1775664000000,118639.28047900004
gpu,1775667600000,112171.138454
gpu,1775671200000,109846.77276299999
gpu,1775674800000,115590.68997899999
gpu,1775678400000,119000.69281200001
gpu,1775682000000,127552.604661
gpu,1775685600000,117796.082031
gpu,1775689200000,130694.312766
gpu,1775692800000,129996.932487
gpu,1775696400000,125264.80206199997
gpu,1775700000000,113275.35695300002
gpu,1775703600000,126839.479834
gpu,1775707200000,127089.12461800005
gpu,1775710800000,134968.54086299997
gpu,1775714400000,120341.99693799998
gpu,1775718000000,123212.322169
gpu,1775721600000,133137.78193299996
gpu,1775725200000,124330.38507799999
gpu,1775728800000,113987.68698499998
gpu,1775732400000,123486.20592399998
gpu,1775736000000,116724.24744399995
gpu,1775739600000,109438.255396
gpu,1775743200000,107034.14852200002
gpu,1775746800000,101378.64606400004
gpu,1775750400000,111811.10220600005
gpu,1775754000000,112399.05512899996
gpu,1775757600000,118349.97199399996
gpu,1775761200000,107732.36358800002
gpu,1775764800000,120658.07131699997
gpu,1775768400000,126399.87165399996
gpu,1775772000000,107682.91810900005
gpu,1775775600000,116238.29828799999
gpu,1775779200000,118339.843653
gpu,1775782800000,117149.51113799991
gpu,1775786400000,114539.33826300001
gpu,1775790000000,127458.11658500004
gpu,1775793600000,130397.22496099997
gpu,1775797200000,109648.84047500002
gpu,1775800800000,108528.49535999997
gpu,1775804400000,115601.52424800002
gpu,1775808000000,112731.78613800005
gpu,1775811600000,111114.72743699996
gpu,1775815200000,104392.32845900003
gpu,1775818800000,112971.31068999998
gpu,1775822400000,99813.22986599998
gpu,1775826000000,100124.47740899998
gpu,1775829600000,107142.37678800005
gpu,1775833200000,106013.283056
gpu,1775836800000,111431.82528599995
gpu,1775840400000,106552.94919799999
gpu,1775844000000,106696.00290600002
gpu,1775847600000,107714.83458700006
gpu,1775851200000,98329.41268
gpu,1775854800000,107139.92586900004
gpu,1775858400000,115949.15144899997
gpu,1775862000000,114517.459997
gpu,1775865600000,111203.87224600001
gpu,1775869200000,110301.48445
gpu,1775872800000,101508.198767
gpu,1775876400000,108606.100722
gpu,1775880000000,106438.471262
gpu,1775883600000,119326.96301599997
gpu,1775887200000,116509.55115099999
gpu,1775890800000,106175.69030900006
gpu,1775894400000,102461.11857800004
gpu,1775898000000,103947.96924399999
gpu,1775901600000,107455.36771299997
gpu,1775905200000,105994.70676699997
gpu,1775908800000,109552.13958999996
gpu,1775912400000,105971.40116600008
gpu,1775916000000,100889.55306599998
gpu,1775919600000,103737.87633300001
gpu,1775923200000,110113.27765299995
gpu,1775926800000,94813.27309800002
gpu,1775930400000,106556.69121899999
gpu,1775934000000,111807.28430700002
gpu,1775937600000,113535.24521199998
gpu,1775941200000,99356.37433500004
gpu,1775944800000,113452.87111
gpu,1775948400000,107789.87818599996
gpu,1775952000000,109966.66326400002
gpu,1775955600000,113207.34269399998
gpu,1775959200000,117762.76992100006
gpu,1775962800000,114935.53845100007
gpu,1775966400000,116624.14445800001
gpu,1775970000000,117645.67027900001
gpu,1775973600000,115244.52872299997
gpu,1775977200000,115700.14439400003
gpu,1775980800000,103361.42362799999
gpu,1775984400000,102836.508843
gpu,1775988000000,108009.65241699999
gpu,1775991600000,105470.26930499997
gpu,1775995200000,103500.09792
gpu,1775998800000,93297.54390199999
gpu,1776002400000,90754.96086599998
gpu,1776006000000,98591.61131099994
gpu,1776009600000,101472.85897799997
gpu,1776013200000,91816.89419500006
gpu,1776016800000,98175.40205
gpu,1776020400000,108046.14172799994
gpu,1776024000000,102241.98109200003
gpu,1776027600000,109393.177445
gpu,1776031200000,106771.38973899999
gpu,1776034800000,99207.80201699998
gpu,1776038400000,101242.64609300003
gpu,1776042000000,99906.353855
gpu,1776045600000,112470.02206599995
gpu,1776049200000,116013.57653399998
gpu,1776052800000,114739.069161
gpu,1776056400000,111697.07883200001
gpu,1776060000000,120511.93238000004
gpu,1776063600000,130138.56145400001
gpu,1776067200000,111308.72545399998
gpu,1776070800000,119284.06138699998
gpu,1776074400000,99805.174469
gpu,1776078000000,107585.54806399997
gpu,1776081600000,105133.82202499997
gpu,1776085200000,97660.58405800002
gpu,1776088800000,100193.18813400007
gpu,1776092400000,105335.99864499997
gpu,1776096000000,107841.85609699997
gpu,1776099600000,140920.85158600003
gpu,1776103200000,127284.11565800001
gpu,1776106800000,123646.12657900003
gpu,1776110400000,117285.48586200002
gpu,1776114000000,121477.40084400003
gpu,1776117600000,120346.042762
gpu,1776121200000,121152.22224400002
gpu,1776124800000,101999.70825700002
gpu,1776128400000,118412.70630000005
gpu,1776132000000,129676.67163299999
gpu,1776135600000,122356.73538199994
gpu,1776139200000,120824.450287
gpu,1776142800000,120437.47794800003
gpu,1776146400000,129658.11867299999
gpu,1776150000000,122967.76198
gpu,1776153600000,121163.35677400003
gpu,1776157200000,100334.07489199999
gpu,1776160800000,105411.87217199997
gpu,1776164400000,102773.27810500002
gpu,1776168000000,98913.865595
gpu,1776171600000,102950.51907500003
gpu,1776175200000,112380.235791
gpu,1776178800000,122722.32799800002
gpu,1776182400000,121514.07789399996
gpu,1776186000000,105210.314339
gpu,1776189600000,126067.111983
gpu,1776193200000,133597.97370200002
gpu,1776196800000,137015.22454799997
gpu,1776200400000,129120.94815600003
gpu,1776204000000,115548.73005100005
gpu,1776207600000,125970.66995700002
gpu,1776211200000,130940.93287599999
gpu,1776214800000,124064.83991599998
gpu,1776218400000,130018.21163500001
gpu,1776222000000,133258.44297
gpu,1776225600000,132830.033447
gpu,1776229200000,134234.198673
gpu,1776232800000,127914.74121799995
gpu,1776236400000,126089.81258499998
gpu,1776240000000,129872.36792899997
gpu,1776243600000,135957.499175
gpu,1776247200000,129816.58373200001
gpu,1776250800000,125629.56728000005
gpu,1776254400000,131742.182453
gpu,1776258000000,121353.02820100004
gpu,1776261600000,123712.64021599997
gpu,1776265200000,127468.64115899999
gpu,1776268800000,123281.40078300002
gpu,1776272400000,125225.55464100004
gpu,1776276000000,150049.43804099993
gpu,1776279600000,141778.33641900003
gpu,1776283200000,140668.20268500003
gpu,1776286800000,141001.39801599996
gpu,1776290400000,126636.58199999995
gpu,1776294000000,129268.119602
gpu,1776297600000,135825.89845
gpu,1776301200000,137737.29731599998
gpu,1776304800000,136505.1437250001
gpu,1776308400000,132504.33342999997
gpu,1776312000000,136422.296468
gpu,1776315600000,136427.415826
gpu,1776319200000,142505.01282799998
gpu,1776322800000,133427.744728
gpu,1776326400000,131218.68067600008
gpu,1776330000000,136315.69462900003
gpu,1776333600000,131586.017502
gpu,1776337200000,129295.39287
gpu,1776340800000,137606.409842
gpu,1776344400000,129205.16000100004
gpu,1776348000000,125506.923362
gpu,1776351600000,123688.24593300003
gpu,1776355200000,124386.27264499999
gpu,1776358800000,119439.45116099996
gpu,1776362400000,129194.55619000002
gpu,1776366000000,130371.28557599998
gpu,1776369600000,120622.35643399999
gpu,1776373200000,131708.342289
gpu,1776376800000,125404.61795300004
gpu,1776380400000,131499.435798
gpu,1776384000000,117292.12526700001
gpu,1776387600000,121517.79743400002
gpu,1776391200000,119549.21983199999
gpu,1776394800000,126210.97336500001
gpu,1776398400000,115102.27250900002
gpu,1776402000000,126984.18551600003
gpu,1776405600000,141790.18830200005
gpu,1776409200000,132066.459794
gpu,1776412800000,142160.25183399994
gpu,1776416400000,132540.244159
gpu,1776420000000,128535.95396100006
gpu,1776423600000,127039.61327199999
gpu,1776427200000,127362.05358300002
gpu,1776430800000,125359.65950699997
gpu,1776434400000,125791.87476699999
gpu,1776438000000,130272.56663199999
gpu,1776441600000,124688.61464600002
gpu,1776445200000,119403.852329
gpu,1776448800000,124696.154154
gpu,1776452400000,118613.51527500001
gpu,1776456000000,128473.23989499996
gpu,1776459600000,122405.40705400001
gpu,1776463200000,129841.57465699995
gpu,1776466800000,133867.025901
gpu,1776470400000,127256.68225100002
gpu,1776474000000,140232.728175
gpu,1776477600000,144937.10955099994
gpu,1776481200000,144718.36005199992
gpu,1776484800000,145577.524553
gpu,1776488400000,147989.685606
gpu,1776492000000,145253.90284399997
gpu,1776495600000,133447.06765399995
gpu,1776499200000,129991.835202
gpu,1776502800000,130770.80805399995
gpu,1776506400000,129977.78327700002
gpu,1776510000000,141212.251319
gpu,1776513600000,116292.40315800002
gpu,1776517200000,135727.02405699997
gpu,1776520800000,125775.74467200003
gpu,1776524400000,141631.72059699995
gpu,1776528000000,122161.579359
gpu,1776531600000,126206.05876900001
gpu,1776535200000,127962.86794399997
gpu,1776538800000,131304.087289
gpu,1776542400000,126851.59860799997
gpu,1776546000000,136179.88292
gpu,1776549600000,144042.13738699997
gpu,1776553200000,140601.466931
gpu,1776556800000,134703.22267800005
gpu,1776560400000,137047.959697
gpu,1776564000000,133457.593236
gpu,1776567600000,137462.98346000002
gpu,1776571200000,134479.92309799997
gpu,1776574800000,139997.27900000004
gpu,1776578400000,140792.13536300004
gpu,1776582000000,134863.303768
gpu,1776585600000,128448.995678
gpu,1776589200000,131319.36642400007
gpu,1776592800000,129203.38947299997
gpu,1776596400000,139755.18251000004
gpu,1776600000000,133720.124494
gpu,1776603600000,130875.78088399999
gpu,1776607200000,125761.862591
gpu,1776610800000,120506.121622
gpu,1776614400000,118984.47045599998
gpu,1776618000000,134190.30568999995
gpu,1776621600000,131492.757216
gpu,1776625200000,122833.87024
gpu,1776628800000,133391.805206
gpu,1776632400000,128368.19279599997
gpu,1776636000000,134708.91012
gpu,1776639600000,119701.27345400004
gpu,1776643200000,132428.81785899997
gpu,1776646800000,133603.83192899995
gpu,1776650400000,131287.08938000002
gpu,1776654000000,139336.33234799997
gpu,1776657600000,137792.265165
gpu,1776661200000,140969.723153
gpu,1776664800000,137344.559371
gpu,1776668400000,126953.28769799997
gpu,1776672000000,126727.148268
gpu,1776675600000,115739.75915299999
gpu,1776679200000,122015.75742700005
gpu,1776682800000,115979.15441399995
gpu,1776686400000,116897.463773
gpu,1776690000000,118838.39739299998
gpu,1776693600000,114620.44204700005
gpu,1776697200000,124652.39009599999
gpu,1776700800000,120264.19885599997
gpu,1776704400000,126442.68055600005
gpu,1776708000000,144736.98090699996
gpu,1776711600000,122575.62861700004
gpu,1776715200000,131767.74440800006
gpu,1776718800000,126098.01209799999
gpu,1776722400000,137735.20943700004
gpu,1776726000000,132096.30581799996
gpu,1776729600000,135901.55489099995
gpu,1776733200000,129202.630344
gpu,1776736800000,133646.32197499997
gpu,1776740400000,132195.54824000003
gpu,1776744000000,136919.73915800007
gpu,1776747600000,139190.23876800004
gpu,1776751200000,133728.95777599997
gpu,1776754800000,144083.500644
gpu,1776758400000,133381.16817800002
gpu,1776762000000,141392.91647400006
gpu,1776765600000,132331.60189700002
gpu,1776769200000,130223.74510399996
gpu,1776772800000,124391.984379
gpu,1776776400000,128904.748448
gpu,1776780000000,131232.97809099997
gpu,1776783600000,139524.09550700002
gpu,1776787200000,127726.23614900002
gpu,1776790800000,137394.73320999998
gpu,1776794400000,140500.93789
gpu,1776798000000,156496.46024999992
gpu,1776801600000,145635.22506000006
gpu,1776805200000,138177.37882899996
gpu,1776808800000,145246.35498600002
gpu,1776812400000,137004.135261
gpu,1776816000000,128046.65346899995
gpu,1776819600000,156582.55835500007
gpu,1776823200000,135758.986194
gpu,1776826800000,152839.389684
gpu,1776830400000,149031.34649900006
gpu,1776834000000,144847.963972
gpu,1776837600000,141504.190702
gpu,1776841200000,142657.22675800003
gpu,1776844800000,141147.25964
gpu,1776848400000,143016.52339200003
gpu,1776852000000,139092.41179
gpu,1776855600000,132461.865372
gpu,1776859200000,130552.50818399998
gpu,1776862800000,139564.930443
gpu,1776866400000,140890.92368999997
gpu,1776870000000,133659.49362800003
gpu,1776873600000,145439.99379100004
gpu,1776877200000,134537.77501899996
gpu,1776880800000,141290.61018399996
gpu,1776884400000,120539.435336
gpu,1776888000000,138949.52201399996
gpu,1776891600000,127276.96063299997
gpu,1776895200000,134154.889381
gpu,1776898800000,148548.03921900006
gpu,1776902400000,146166.92717400004
gpu,1776906000000,141164.19230999998
gpu,1776909600000,147826.1591769999
gpu,1776913200000,137983.12446499997
gpu,1776916800000,146613.05101700002
gpu,1776920400000,144386.694012
gpu,1776924000000,159674.49610400002
gpu,1776927600000,150691.50742500008
gpu,1776931200000,136041.20032299997
gpu,1776934800000,130359.81382699999
gpu,1776938400000,130576.96575099991
gpu,1776942000000,139636.53003600004
gpu,1776945600000,119198.86805399995
gpu,1776949200000,128499.70532300003
gpu,1776952800000,122005.19803799997
gpu,1776956400000,128093.56865800003
gpu,1776960000000,127814.49286800002
gpu,1776963600000,146176.43460300006
gpu,1776967200000,145571.09389799996
gpu,1776970800000,138543.695989
gpu,1776974400000,134063.30041100003
gpu,1776978000000,128282.72692900004
gpu,1776981600000,131734.33046300002
gpu,1776985200000,153375.08868599994
gpu,1776988800000,140008.87861300004
gpu,1776992400000,147176.27212600003
gpu,1776996000000,140914.89657200003
gpu,1776999600000,159299.14881200006
gpu,1777003200000,146096.64685000002
gpu,1777006800000,140720.98783899998
gpu,1777010400000,148735.73181599996
gpu,1777014000000,146578.09126599997
gpu,1777017600000,132596.515514
gpu,1777021200000,131366.02191200003
gpu,1777024800000,126021.08226099997
gpu,1777028400000,136594.708016
gpu,1777032000000,118301.63600999999
gpu,1777035600000,130127.760174
gpu,1777039200000,130784.380365
gpu,1777042800000,124927.37518899998
gpu,1777046400000,131592.06091899995
gpu,1777050000000,140482.29162900004
gpu,1777053600000,147149.5489430001
gpu,1777057200000,130437.90951900004
gpu,1777060800000,145484.58299199995
gpu,1777064400000,155733.53418400002
gpu,1777068000000,148852.09206000005
gpu,1777071600000,137206.36463999996
gpu,1777075200000,148525.80944400004
gpu,1777078800000,140865.40202600003
gpu,1777082400000,140093.021543
gpu,1777086000000,140899.294656
gpu,1777089600000,148591.28923799997
gpu,1777093200000,159352.23199400003
gpu,1777096800000,152752.88627099997
gpu,1777100400000,134604.934442
gpu,1777104000000,151653.0096129999
gpu,1777107600000,142767.94926199998
gpu,1777111200000,137521.30282199997
gpu,1777114800000,129865.94586500002
gpu,1777118400000,142547.86338699996
gpu,1777122000000,133143.55680199992
gpu,1777125600000,134720.67746600002
gpu,1777129200000,115401.37384400002
gpu,1777132800000,125952.50551799996
gpu,1777136400000,127860.50457699997
gpu,1777140000000,138747.11231399997
gpu,1777143600000,140085.51367999997
gpu,1777147200000,146328.51345899995
gpu,1777150800000,144016.341964
gpu,1777154400000,131594.15338000003
gpu,1777158000000,143756.952288
gpu,1777161600000,150716.0805180001
gpu,1777165200000,135196.203757
gpu,1777168800000,160739.69346599997
gpu,1777172400000,156445.52929400007
gpu,1777176000000,142687.78571099995
gpu,1777179600000,147408.43874500002
gpu,1777183200000,152254.66880500002
gpu,1777186800000,148078.47794200003
gpu,1777190400000,148906.16544899996
gpu,1777194000000,130589.89707399996
gpu,1777197600000,146727.71968300006
gpu,1777201200000,138742.69017399996
gpu,1777204800000,145526.953963
gpu,1777208400000,141518.864888
gpu,1777212000000,134998.483626
gpu,1777215600000,118386.50128700002
gpu,1777219200000,135193.877281
gpu,1777222800000,127495.18183799996
gpu,1777226400000,132523.99364200004
gpu,1777230000000,138362.77588100004
gpu,1777233600000,134729.584447
gpu,1777237200000,131330.23046199995
gpu,1777240800000,138579.84531300009
gpu,1777244400000,127878.61041900005
gpu,1777248000000,131199.845888